可短租 押一付一 荥阳八小旁 吾悦广场附近 质感三房两卫,3,2,123,整租,1300,xingyang
地铁口200米 豪装 质感婚房 郑西一中陪读 大中原汽车城旁,2,2,89,整租,1300,xingyang
碧桂园龙城熙园 3室2厅2卫 1500.0元 电梯房,3,2,122,整租,1500,xingyang
光明索河湾一期 2室2厅1卫 1100.0元 电梯房 精装修,2,2,93,整租,1100,xingyang
东润玺城二期中原路龙湖一中陪读,3,1,103,整租,1100,xingyang
大溪地5号院 2室2厅1卫 1100.0元 电梯房,2,2,91,整租,1100,xingyang
金龙紫东郡 2室2厅1卫 1200.0元 电梯房,2,2,87,整租,1200,xingyang
四个空调 三房两厅两卫 碧桂园龙城星荟 可以办公也可自住,3,2,123.5,整租,1100,xingyang
碧桂园龙城幸福里 3室2厅1卫 1300.0元 电梯房,3,2,95,整租,1400,xingyang
豪布斯卡旁 可以短租 可以押一付一 长租价位可谈,1,0,37,整租,900,xingyang
冯寨社区 3室2厅2卫 1200.0元 电梯房 精装修,3,2,127,整租,1200,xingyang
1.小.一.中.附近 天然气拎包入住,3,1,106,整租,700,xingyang
碧桂园芷兰湾小三室拎包入住出租,3,2,103,整租,1200,xingyang
昌煜豫龙之春 1室1厅1卫 900.0元 电梯房 精装修,1,1,54,整租,900,xingyang
押一付一 暖气免费用 自住婚房 有点温馨 大中原汽车城旁,3,2,87,整租,1000,xingyang
碧桂园芷兰湾小三室拎包入住出租,3,2,104,整租,1100,xingyang
一个月起租 押一付一 500 大中原汽车城旁 中原西路地铁口,3,2,18,合租,500,xingyang
押一付一！！！海龙时代名都 豪布斯卡附近 精装一室 拎包入住,1,0,30,整租,900,xingyang
大溪地10号院 3室2厅2卫 电梯房 精装修 南北通透,3,2,127,整租,1400,xingyang
新房大中原汽车城旁 信息工程学院旁 龙湖一中陪读 中原西路,3,2,98,整租,1100,xingyang
吾悦广场附近 豪布斯卡旁边 精装一室家具家电齐全，拎包入住入,1,1,40,整租,800,xingyang
碧桂园芷兰湾二室二厅一卫拎包入住出租,2,2,83,整租,1000,xingyang
东方盛典50平南户民水民电拎包入户价格可谈,1,1,50,整租,950,xingyang
大溪地15号院 2室1厅1卫 1050.0元 电梯房,2,1,78,整租,1050,xingyang
郑职院旁 牡丹路小学对面 新城尚郡三室两厅1000,3,2,92,整租,1000,xingyang
碧桂园芷兰湾143平复式出租,3,2,143,整租,1200,xingyang
八小 五幼隔壁 蒋寨社区 精装三房 手次出租 设施配齐 随看,3,2,121,整租,1300,xingyang
新房子 第一次出租 五期 挨着商隐路小学 押一付一 吾悦广场,3,2,93,整租,1000,xingyang
有暖气 第一次出租 大中原汽车城附近 大溪地11号院,3,2,116,整租,1200,xingyang
正上豪布斯卡(荥阳) 1室1厅1卫 1000.0元 电梯房,1,1,50,整租,1000,xingyang
西区双气电梯 ！！小两室 家具齐全 拎包入住,2,2,80,整租,750,xingyang
海龙时代明都 1室1厅1卫 800.0元 电梯房 精装修,1,1,40,整租,800,xingyang
新田城书香苑54平一室一厅拎包入住出租,1,1,54,整租,1000,xingyang
鑫龙佳苑 2室2厅1卫 1000.0元 电梯房 精装修,2,2,90,整租,1000,xingyang
忆江南度假区05区龙心园 1室1厅1卫 600.0元,1,1,58,整租,600,xingyang
豫龙镇二十里铺单间出租带阳台 郑州职业技术学院吾悦广场附近,4,1,30,合租,400,xingyang
大溪地十号院全新装修，采光好，南北通透,3,2,137.8,整租,1400,xingyang
光明索河湾一期 2室2厅1卫 1100.0元 电梯房,2,2,94,整租,1100,xingyang
大溪地十号院临地铁中原路郑西一中佩服,2,1,86,整租,1000,xingyang
锦和花园一室一厅近新东方和康师傅食品厂附近押一付一随时看房,1,1,48,整租,800,xingyang
海龙香槟大道(西区) 3室2厅2卫 1600.0元 电梯房 ,3,2,127,整租,1600,xingyang
中原西路一楼精装三房拎包入住带车位,3,2,95.1,整租,1000,xingyang
意墅蓝山 2室2厅1卫 1300.0元 电梯房 精装修,2,2,103,整租,1300,xingyang
正上豪布斯卡(荥阳) 1室1厅1卫 1200.0元 电梯房,1,1,50,整租,1200,xingyang
碧桂园芷兰湾小三室拎包入住出租,3,2,104,整租,1200,xingyang
锦和花园整租一室一厅近新东方和康师傅食品厂附近押一付一,1,1,48,整租,850,xingyang
西区 电梯双气 小三室 拎包入住 押一付三,3,2,90,整租,850,xingyang
紫域澜庭 2室1厅1卫 1000.0元 电梯房 精装修,2,1,60,整租,1000,xingyang
豫龙镇二十里铺主卧出租带卫生间大阳台 职业学院吾悦广场附近,4,1,30,合租,400,xingyang
郑上品 2室2厅1卫 1000.0元 电梯房 90.2平米,2,2,90.2,整租,1000,xingyang
嘉禾芙蓉园 1室0厅1卫 700.0元 电梯房 精装修,1,0,37,整租,700,xingyang
中央美域 2室2厅1卫 900.0元 电梯房 精装修,2,2,90,整租,1000,xingyang
光明索河湾一期 2室2厅1卫 1200.0元 电梯房 精装修,2,2,92,整租,1200,xingyang
锦和花园近康师傅厂新东方学院科技技术学院家电齐全领包入住月付,3,1,30,合租,400,xingyang
碧桂园龙城天悦 3室2厅1卫 1000.0元 电梯房 精装修,3,2,96.7,整租,1000,xingyang
海龙时代明都 1室0厅1卫 800.0元 电梯房,1,0,39,整租,800,xingyang
郡临天下(2期) 3室2厅1卫 1500.0元 电梯房,3,2,101,整租,1500,xingyang
鑫龙佳苑 2室2厅1卫 1000.0元 105.0平米,2,2,105,整租,1000,xingyang
大溪地11号院郑西一中陪读中原路临近地铁口,3,1,108,整租,1200,xingyang
郡临天下(2期) 2室2厅1卫 1500.0元 电梯房,2,2,78,整租,1500,xingyang
近新东方康师傅，无中介费！可月付！精装朝南独立阳台独卫可做饭,1,1,45,整租,850,xingyang
近吾悦广场，职业学院！无中介费！押一付一家具家电齐全拎包入住,4,1,25,合租,399,xingyang
永威溪樾 4室2厅2卫 2100.0元 电梯房 精装修,4,2,134.6,整租,2100,xingyang
荥阳八小 不用开暖气都超暖和 豪布斯卡对面 吾悦广场九百米,3,2,108,整租,1100,xingyang
碧桂园幸福里，暖气，物业，网络免费，拎包入住,3,2,35,合租,500,xingyang
新田城书香苑三室二厅二卫拎包入住出租,3,2,135,整租,1400,xingyang
吾悦广场附近 豪布斯卡旁边 精装一室家具家电齐全，拎包入住,1,1,40,整租,800,xingyang
出租荥阳市人民医院附近公寓标间日租月租可做月子房,1,0,25,整租,400,xingyang
500 首租 可配齐 新田城地铁口 大公寓 可以拎包入住,1,1,47,整租,550,xingyang
新田城书香苑二室二厅二卫拎包入住出租,2,2,96,整租,1300,xingyang
小区环境优美出行，方便地铁口高铁口高速口都在小区附近,3,1,107,整租,950,xingyang
华宸阳光公寓南院 3室2厅2卫 1150.0元 精装修,3,2,130,整租,1300,xingyang
清华大溪地15号院 2室2厅1卫 1100.0元 电梯房 ,2,2,74.1,整租,1250,xingyang
价格可谈！！简装2室，家具家电齐全，拎包入住，！！,2,2,93,整租,1000,xingyang
房东急租，家电可配，房间明亮，临近地铁，高楼层楼层！,2,2,88,整租,1200,xingyang
大溪地6号院 3室2厅2卫 精装修 地铁口 公园边,3,2,117,整租,1300,xingyang
豪装婚房 第一次出租 吾悦广场旁 郑职院对面 商隐路小学旁,3,2,124,整租,1300,xingyang
豪布斯卡旁 吾悦广场附近 精装1室拎包入住,1,1,40,整租,900,xingyang
碧桂园芷兰湾99平三室两厅一卫拎包入住出租,3,2,96,整租,1200,xingyang
大溪地九号院临地铁口中原路郑西一中附近,2,1,89,整租,1000,xingyang
大溪地6号院 3室2厅2卫 南北通透 116平 电梯房,3,2,116,整租,1180,xingyang
郑上品 2室1厅1卫 1000.0元 电梯房 59.8平米,2,1,59.8,整租,1000,xingyang
豫龙镇二十里铺职业技术学院吾悦广场附近单间出租带阳台拎包入住,3,1,28,合租,400,xingyang
大中原汽车城附近！信息工程职业学院旁！东润一期2房 拎包入住,2,2,97.8,整租,900,xingyang
温馨质感两房，郑西一中陪读，地铁口，精装，大中原汽车城,2,2,89,整租,1250,xingyang
天河名苑 3室2厅1卫 1200.0元 电梯房,3,2,140,整租,1200,xingyang
顶配一室 有宽带 三个月起租 吾悦广场900米 豪布斯卡楼上,1,1,40,整租,800,xingyang
地铁口精装三室 基本家电齐全 价格优惠 需要的快来,3,2,88.5,整租,1000,xingyang
800 押一付一 吾悦广场900米 豪布斯卡楼上 整租一室,1,1,40,整租,800,xingyang
清华大溪地15号院 2室1厅1卫 1050.0元 电梯房,2,1,78,整租,1050,xingyang
紫域澜庭 2室1厅1卫 1000.0元 电梯房 精装修,2,1,60,整租,1000,xingyang
一千！押一付一 第一次出租 新房子 高铁西站 地铁口审批大厅,3,2,96.7,整租,1000,xingyang
押一付一！！！ 豪布斯卡附近 海龙时代名都 拎包入住,1,0,35,整租,800,xingyang
自住婚房 第一次出租 大中原汽车城 地铁口 龙湖一中陪读,2,2,71,整租,800,xingyang
豪装婚房 第一次出租 大中原汽车城旁 龙湖一中陪读 地铁口,3,2,110,整租,1500,xingyang
吾悦广场附近 豪布斯卡旁边 精装一室家具家电齐全，拎包入住,1,1,40,整租,800,xingyang
新田城书香苑三室两厅二卫拎包入住出租,3,2,137.5,整租,1500,xingyang
碧桂园芷兰83平二室拎包入住出租,2,2,82,整租,1000,xingyang
鑫公寓 1室0厅1卫 900.0元 电梯房 精装修,1,0,40,整租,900,xingyang
新田城书香苑二室两厅一卫拎包入住出租,2,2,91,整租,1000,xingyang
一千包物业，三房两厅两卫，龙湖一中家长陪读！中原西路！地铁口,3,2,109,整租,1100,xingyang
吾悦广场旁，精装一室，押一付一，拎包入住,1,0,58,整租,650,xingyang
碧桂园龙城天悦 3室2厅2卫 1650.0元 电梯房 精装修,3,2,180,整租,1600,xingyang
锦和花园一室一厅近新东方和康师傅附近押一付一家电齐全随时看房,1,1,45,整租,800,xingyang
光明索河湾三期 3室2厅2卫 1300.0元 电梯房 精装修,3,2,122,整租,1300,xingyang
意墅蓝山 2室2厅1卫 1300.0元 电梯房 精装修,2,2,103,整租,1300,xingyang
光明索河湾一期 2室2厅1卫 1100.0元 电梯房 精装修,2,2,92,整租,1200,xingyang
近新东方！康师傅厂，无中介费押一付一家具家电齐全拎包入住男女,3,1,26,合租,400,xingyang
豫龙镇二十里铺合租单间出租，小区环境好，停车方便，楼下有生活,4,1,30,合租,420,xingyang
新房子 第一次出租 大中原汽车城附近 龙湖一中陪读 地铁口,3,2,110,整租,1100,xingyang
中原路地铁口 大溪地10号院 郑西一中陪读 中原汽车城上班,2,2,84,整租,1200,xingyang
有暖气 吾悦广场旁 豪布斯卡附近 少林客车旁 三房精装 龙城,3,2,106.8,整租,1000,xingyang
洋房 豪装婚房 第一次出租 商隐路小学旁 吾悦广场附近,3,2,111.4,整租,1600,xingyang
中央美域 2室2厅1卫 900.0元 电梯房 精装修,2,2,90,整租,1000,xingyang
翟寨社区 3室2厅2卫 1000.0元 电梯房 精装修,3,2,120,整租,1150,xingyang
大中原汽车城旁 信息工程学院旁 龙湖一中陪读 中原西路,3,2,89,整租,888,xingyang
东方盛典 1室1厅1卫 1000.0元 电梯房 精装修,1,1,49,整租,1000,xingyang
泰成悦府 3室2厅2卫 1500.0元 电梯房 精装修,3,2,128,整租,1500,xingyang
已保洁！少林客车旁 郑职院旁 可短租！吾悦广场旁！整租一室,1,1,58,整租,650,xingyang
金龙紫东郡 2室2厅1卫 电梯房 精装修 89平,2,2,89,整租,1300,xingyang
800 押一付一 吾悦广场900米 豪布斯卡楼上 整租一室,1,1,40,整租,800,xingyang
质感新房！第一次出租！郑西一中陪读 大中原汽车城 地铁口,2,2,95,整租,1000,xingyang
碧桂园龙城天悦，地铁口，三室双卫，新房出租，设施齐全，随时看,3,2,180,整租,1600,xingyang
意墅蓝山 2室2厅1卫 1300.0元 电梯房 精装修,2,2,103,整租,1300,xingyang
东方盛典 1室1厅1卫 1000.0元 电梯房 精装修,1,1,49,整租,1000,xingyang
荥阳豫龙镇二十里铺社区精装修朝南家电齐全民用水电拎包入住,4,1,30,合租,420,xingyang
九号院两室两厅一卫，精装拎包入住 电梯房民水民电 入住保洁,2,2,90,整租,980,xingyang
暖气免费 地铁口100米 中原西路行政审批大厅 吾悦广场旁,3,2,88,整租,1200,xingyang
泰成悦府 3室2厅1卫 1500.0元 电梯房 精装修,3,2,111,整租,1500,xingyang
顶配两房，大溪地，地铁口，郑西一中对面，大中原汽车城旁,2,2,74.1,整租,1100,xingyang
质感！豪布斯卡楼上复式 吾悦广场900米 可自住可办公,2,2,50,整租,1000,xingyang
海龙香槟大道(东区) 3室2厅1卫 1400.0元 电梯房,3,2,120.5,整租,1400,xingyang
郑西鑫苑名家 3室1厅1卫 1100.0元 电梯房 精装修,3,1,88.8,整租,1300,xingyang
郑西鑫苑名家 3室2厅1卫 1200.0元 电梯房,3,2,89,整租,1200,xingyang
郡临天下 精装3室 拎包入住 六小附近,3,2,101,整租,1500,xingyang
刘村社区 3室2厅1卫 1100.0元 电梯房 精装修,3,2,120,整租,1100,xingyang
刘村社区 3室2厅2卫 1300.0元 电梯房 精装修,3,2,120,整租,1300,xingyang
地铁口奥帕啦啦附近，精装通透3室家具家电齐全随时拎包入住！,3,2,124,整租,1400,xingyang
吾悦广场附近 豪布斯卡旁边精装一室 家具家电齐全，拎包入住,1,1,40,整租,800,xingyang
大溪地15号院，精装两室，拎包入住,2,2,95,整租,1000,xingyang
押一付一！龙湖一中 大中原汽车城附近 信息工程学院旁 拎包住,3,2,89,整租,1000,xingyang
吾悦 豪布斯卡 碧桂园 温馨一室 家具家电齐全 环境美 随看,1,1,47,整租,1000,xingyang
建海绿荫半岛 3室2厅1卫 1300.0元 电梯房,3,2,105,整租,1300,xingyang
二十里铺社区，物业费网费免费试用，拎包入住,3,2,30,合租,450,xingyang
荥阳豫龙镇吾悦广场大溪地附近精装修家具家电可洗澡拎包住,4,1,30,合租,400,xingyang
碧桂园龙城天悦 3室2厅2卫 1500.0元 电梯房 精装修,3,2,124,整租,1600,xingyang
碧桂园龙城天悦 3室2厅2卫 1300.0元 电梯房 精装修,3,2,124.8,整租,1300,xingyang
新房出租 精装两室 中原路地铁口 政审大厅旁 拎包入住,2,2,94.4,整租,1250,xingyang
鑫龙佳苑 2室2厅1卫 1000.0元 电梯房 精装修,2,2,90,整租,1000,xingyang
鑫龙佳苑 2室2厅1卫 1000.0元 电梯房 精装修,2,2,90,整租,1000,xingyang
光明索河湾一期 2室2厅1卫 1200.0元 电梯房 精装修,2,2,92,整租,1200,xingyang
佳地花园 2室2厅1卫 900.0元 电梯房 80.0平米,2,2,80,整租,900,xingyang
正商博雅华庭 2室1厅1卫 1000.0元 电梯房,2,1,73.1,整租,1200,xingyang
碧桂园龙城熙园 3室2厅2卫 1200.0元 电梯房 精装修,3,2,123.5,整租,1200,xingyang
吾悦 豪布斯卡 碧桂园 温馨一室 设施齐全 长租可谈免费停车,1,1,47,整租,1000,xingyang
清华大溪地15号院 2室1厅1卫 1200.0元 电梯房,2,1,75,整租,1200,xingyang
光明索河湾三期 3室2厅2卫 1300.0元 电梯房 精装修,3,2,122,整租,1300,xingyang
中原西路一楼精装三房拎包入住带车位,3,2,95.1,整租,1000,xingyang
泰成悦府 3室2厅1卫 1500.0元 电梯房 精装修,3,2,111,整租,1500,xingyang
光明索河湾三期 3室2厅2卫 1300.0元 电梯房 精装修,3,2,122,整租,1300,xingyang
意墅蓝山 2室2厅1卫 1300.0元 电梯房 精装修,2,2,103,整租,1300,xingyang
碧桂园龙城熙园 3室2厅2卫 1300.0元 电梯房,3,2,125,整租,1300,xingyang
碧桂园龙城熙园 3室2厅2卫 1500.0元 电梯房,3,2,122,整租,1500,xingyang
中原西路一楼精装三房拎包入住带车位,3,2,95.1,整租,1000,xingyang
郡临天下(1期) 3室2厅2卫 1200.0元 电梯房,3,2,122,整租,1200,xingyang
金地格林小城 2室2厅1卫 1300.0元 电梯房 精装修,2,2,80,整租,1300,xingyang
锦和花园附近新东方 标间适合单人情侣都可 可做饭押一付一,1,1,45,整租,850,xingyang
马寨新东方郑科康师傅附近一居室押一付一民用水电随时看房拎包住,1,1,45,整租,880,xingyang
二十里铺 职业学院吾悦广场近押一付一 可做饭有热水空调,4,1,30,合租,420,xingyang
小区周边配套设施齐全，交通方便。,3,2,89,整租,1100,xingyang
冯寨社区 3室2厅2卫 1200.0元 电梯房 精装修,3,2,127,整租,1200,xingyang
南站310附近 精装1室  拎包入住,1,1,58,整租,750,xingyang
郡临天下(1期) 2室2厅1卫 1100.0元 电梯房,2,2,96,整租,1100,xingyang
郡临天下(1期) 3室2厅1卫 1300.0元 电梯房,3,2,108.2,整租,1300,xingyang
忆江南度假区(09区) 3室2厅2卫 1200.0元,3,2,142,整租,1200,xingyang
出租荥阳市人民医院附近公寓标间日租月租可做月子房,1,0,30,整租,400,xingyang
新田城书香苑三室二厅二卫拎包入住出租,3,2,135,整租,1500,xingyang
海龙时代明都 1室1厅1卫 900.0元 电梯房,1,1,30,整租,900,xingyang
碧桂园龙城天悦 3室2厅1卫 1000.0元 电梯房 精装修,3,2,96.7,整租,1000,xingyang
押一付一 可短租 吾悦广场旁 商隐路小学旁 郑职院对面 可看,3,2,89,整租,1000,xingyang
新田城书香苑130平二室二室二卫拎包入住出租,3,2,129.4,整租,1500,xingyang
东方盛典 1室0厅1卫 800.0元 电梯房 40.0平米,1,0,40,整租,800,xingyang
郡临天下(1期) 2室2厅1卫 1100.0元 电梯房 ,2,2,96,整租,1300,xingyang
碧桂园龙城 1室0厅1卫 1000.0元 电梯房 精装修,1,0,47,整租,1000,xingyang
吾悦广场旁，德润华庭，精装三室两卫，拎包入住,3,2,126,整租,1300,xingyang
七百押一付一 有办公家具 吾悦广场旁 豪布斯卡楼上 整租一室,1,1,40,整租,800,xingyang
地.铁口精装三室 拎包入住 电梯双气 环境好 交通便利,3,2,117,整租,1300,xingyang
碧桂园芷兰湾103平三室两厅一卫拎包入住出租,3,2,103,整租,1200,xingyang
八百包物业！温馨两房 大中原汽车城附近！信息工程职业学院旁！,2,2,74.7,整租,800,xingyang
广武路索河路 枫华学校万通汽校旁 拎包入住 价位可谈,3,1,80,整租,800,xingyang
大溪地十五号院 中原路郑西一中,2,1,74,整租,1000,xingyang
双气精装三室 拎包入住 可短租仨月 暖气房,3,2,120,整租,1300,xingyang
采光极好 交通便利 标准3室 无遮挡 宽敞明亮！,3,2,115,整租,1200,xingyang
八小二幼旁，电梯三室双卫，南北通透，设施齐全，随时看房。,3,2,131,整租,1200,xingyang
拎包入住，2室，看房方便，低楼层,2,2,92,整租,950,xingyang
李商隐公园奥帕啦啦附近，精装朝南两室随时拎包入住！,2,2,89,整租,1200,xingyang
一千一就租！已保洁！吾悦广场旁！豪布斯卡楼上 荥阳八小 龙城,3,2,108,整租,1200,xingyang
碧桂园熙园，押一付一，拎包入住,3,2,30,合租,500,xingyang
刘村社区 3室2厅1卫 1100.0元 电梯房 精装修,3,2,120,整租,1100,xingyang
押一付一 东区豪布斯卡 时代名都 小1室 可短租,1,0,37,整租,900,xingyang
310国道广武路旁 家具家电齐全，拎包入住精装1室1厅,1,1,58,整租,750,xingyang
二中 吾悦广场附近 碧桂园 环境美 设施齐全 长租可谈 随看,3,2,106,整租,1400,xingyang
急租郑西理想城88平方精装两室家具家电齐全拎包入住,2,2,88,整租,900,xingyang
吾悦广场旁，精装一室，押一付一，拎包入住,1,0,58,整租,650,xingyang
新城尚郡 3室 92平 精装修 郑西一中 郑职院,3,2,92,整租,1200,xingyang
郑上品 1室0厅1卫 850.0元 电梯房 37.0平米,1,0,37,整租,850,xingyang
东区三室拎包入住 家具家电齐全,3,2,110,整租,1000,xingyang
郑西鑫苑名家 3室1厅1卫 1100.0元 电梯房 精装修,3,1,88,整租,1100,xingyang
舒欣佳苑 3室2厅1卫 108平 简装 拎包入住 看房方便,3,2,108,整租,1200,xingyang
海龙时代明都 1室0厅1卫 800.0元 电梯房,1,0,37,整租,900,xingyang
大溪地精装2室 低价急租 家具家电齐全拎包入住,2,2,90,整租,800,xingyang
郑上品 3室1厅1卫 1100.0元 电梯房 106.0平米,3,1,106,整租,1100,xingyang
地铁口 通透两房！可短租！吾悦广场旁！中原西路行政审批大厅,2,2,92,整租,888,xingyang
地铁口 已保洁！可短租！吾悦广场旁！中原西路行政审批大厅,2,2,92,整租,900,xingyang
吾悦 二中旁 碧桂园 电梯双气  拎包入住 长租可谈 随时看,3,2,108,整租,1300,xingyang
郑上路植物园旁 妇幼鹿鸣学校附近 家具家电齐全，拎包入住,1,0,37,整租,850,xingyang
隆盛时代广场 1室1厅1卫 1000.0元 电梯房,1,1,52,整租,1000,xingyang
东区三室拎包入住 家具家电齐全,3,2,110,整租,1000,xingyang
郑上路 天河名苑 汽车站附近 小一室 拎包入住,1,0,28,整租,700,xingyang
吾悦广场旁 少林客车旁 郑职院对面 商隐路小学旁 拎包入住,1,1,58,整租,650,xingyang
东方盛典50平南户民水民电拎包入户价格可谈,1,1,50,整租,950,xingyang
锦和花园精装单间近新东方和康师傅附近押一付一家电齐全拎包入住,3,1,30,合租,400,xingyang
石寨村 2室1厅1卫 500.0元 85.0平米,2,1,85,整租,500,xingyang
郑州荥阳吾悦广场 1室1厅1卫 1300.0元 电梯房,1,1,37.9,整租,1300,xingyang
郑上品 2室2厅1卫 1000.0元 电梯房 90.2平米,2,2,90.2,整租,1000,xingyang
1.小.一.中.附近 天然气拎包入住,3,1,106,整租,700,xingyang
吾悦 豪布斯卡旁 碧桂园 温馨一室 设施齐全 免费停车 随看,1,1,47,整租,1000,xingyang
海龙时代明都 1室0厅1卫 1000.0元 电梯房 精装修,1,0,37,整租,1000,xingyang
紫域澜庭 2室1厅1卫 1000.0元 电梯房 精装修,2,1,60,整租,1000,xingyang
成邑德润华庭 3室2厅2卫 1350.0元 电梯房 精装修,3,2,126,整租,1350,xingyang
光明索河湾一期 3室2厅2卫 1000.0元 电梯房,3,2,138,整租,1000,xingyang
紫域澜庭 2室1厅1卫 1000.0元 电梯房 精装修,2,1,60,整租,1000,xingyang
八下 二幼旁 吾悦 豪布斯卡附近 碧桂园 设施齐全 拎包入住,3,2,108,整租,1300,xingyang
华宸阳光公寓南院 3室2厅2卫 1150.0元 精装修,3,2,130,整租,1150,xingyang
碧桂园龙城 1室1厅1卫 900.0元 电梯房 精装修,1,1,47,整租,900,xingyang
郡临天下(2期) 3室2厅1卫 1500.0元 电梯房,3,2,101,整租,1500,xingyang
海龙时代明都 1室1厅1卫 900.0元 电梯房 精装修,1,1,39,整租,900,xingyang
碧桂园龙城天悦 3室2厅1卫 1350.0元 电梯房 精装修,3,2,106,整租,1350,xingyang
大溪地十号院中原路临近地铁口,3,2,127,整租,1400,xingyang
永威溪樾 4室2厅2卫 2100.0元 电梯房 精装修,4,2,134.6,整租,2100,xingyang
永威溪樾 4室2厅2卫 2100.0元 电梯房 精装修,4,2,134.6,整租,2100,xingyang
郑职院旁 车管所附 牡丹路小学 精装三室拎包入住,3,2,93,整租,1200,xingyang
豫龙镇二十里铺合租单间出租，小区环境好，停车方便,4,1,30,合租,420,xingyang
新城尚郡 3室  精装修 郑职院师生常用住房,3,2,108,整租,1150,xingyang
平庄新村 3室2厅2卫 1250.0元 电梯房 精装修,3,2,127,整租,1400,xingyang
九百！包物业 押一付三 地铁口100米 荥阳九小 审批大厅,2,2,89,整租,950,xingyang
大溪地10号院 2室 近地铁 临公园 精装修,2,2,84,整租,1200,xingyang
四个空调 地铁口50米 有质感 大中原汽车城 大溪地九号院,3,2,107,整租,1000,xingyang
包物业 电梯双气 小三室 拎包入住,3,2,100,整租,1000,xingyang
出租荥阳市人民医院附近公寓标间日租月租可做月子房,1,0,25,整租,400,xingyang
包物业 大窗户 三个月起租 吾悦广场900米 豪布斯卡楼上,1,1,40,整租,800,xingyang
九小旁！888！可短租！吾悦广场旁！中原西路行政审批大厅,3,2,92,整租,888,xingyang
碧桂园龙城天悦 3室2厅1卫 1000.0元 电梯房 精装修,3,2,96.7,整租,1000,xingyang
急租永威溪樾双气小区88平精装三室家具家电齐全拎包入住,3,2,87.1,整租,1200,xingyang
新中式社区，景观环境好，出门公园，到地铁口800米，户型好,3,2,94,整租,1200,xingyang
价格可谈！多层洋房！精装3室，拎包入住，楼层适中！！,3,2,138,整租,1800,xingyang
押一付一 婚房真皮大床 第一次出租 吾悦广场旁 豪布斯卡附近,3,2,125,整租,1300,xingyang
押一付一 已保洁 第一次出租 大中原汽车城旁 地铁口 大两房,2,2,89,整租,1300,xingyang
大溪地11号院中原路临近地铁口龙湖一中陪读。,3,2,118,整租,1300,xingyang
耶鲁专升本200米！飞龙路小学初中！大溪地五号院两房已保洁！,3,2,97,整租,1000,xingyang
第一次出租 地铁口100米 有点温馨 大溪地10号院三房,3,2,89,整租,1000,xingyang
汉飞壹号华府 3室2厅2卫 1200.0元 电梯房 精装修,3,2,110,整租,1200,xingyang
碧桂园龙城 3室2厅1卫 1300.0元 电梯房 精装修,3,2,108,整租,1300,xingyang
冯寨社区 3室2厅2卫 1200.0元 电梯房 精装修,3,2,127,整租,1200,xingyang
新房全新装修家具家大溪地十号院中原路人临近地铁站郑西一中对面,3,2,108,整租,1350,xingyang
少林客车 押一付一！可短租！吾悦广场旁！荥阳八小 豪布斯卡,3,2,96,整租,1100,xingyang
吾悦广场附近 豪布斯卡旁边 精装一室 一厅一卫 拎包入住,1,1,45,整租,900,xingyang
超适合办公 三个空调 三房两卫 才1100 碧桂园龙城天墅,3,2,122,整租,1100,xingyang
押一付一！一楼！可办公！信息工程职业学院旁！已保洁！可短租！,3,2,110,整租,1200,xingyang
豪布斯卡附近，碧桂园幸福里，押一付一，拎包入住,3,2,35,合租,500,xingyang
鑫龙佳苑 3室2厅2卫 1100.0元 128.0平米,3,2,128,整租,1100,xingyang
有点温馨 荥阳八小旁 吾悦广场旁 豪布斯卡一公里 三房精装,3,2,108,整租,1200,xingyang
吾悦广场旁，精装公寓，押一付一，拎包入住,1,0,58,整租,700,xingyang
已保洁！押一付一！可短租！吾悦广场旁！中原西路行政审批大厅,3,2,89,整租,1200,xingyang
意墅蓝山 3室2厅2卫 1500.0元 电梯房,3,2,132,整租,1500,xingyang
郑西鑫苑名家 3室1厅1卫 1100.0元 电梯房 精装修,3,1,90,整租,1300,xingyang
天河名苑 1室0厅1卫 650.0元 电梯房 30.0平米,1,0,30,整租,700,xingyang
吾悦 二中旁 碧桂园 自住装修 人车人力 停车方便 随时看房,3,2,106,整租,1600,xingyang
大中原汽车城旁 信息工程学院旁 龙湖一中陪读 中原西路,3,2,89,整租,1000,xingyang
金龙紫东郡 2室2厅1卫 1300.0元 电梯房 精装修,2,2,89,整租,1300,xingyang
碧桂园龙城天悦 3室2厅2卫 1500.0元 电梯房 精装修,3,2,124,整租,1600,xingyang
吾悦 二中旁 碧桂园 环境美 停车方便  拎包入住 随时看房,3,2,108.6,整租,1200,xingyang
碧桂园龙城 3室2厅1卫 1200.0元 电梯房 精装修,3,2,108,整租,1200,xingyang
真皮大床 有点格调 吾悦广场900米 新房！第一次出租！,1,1,40,整租,800,xingyang
整租大溪地一号院南院10号线李商隐公园地铁站房冬直租职业学院,2,2,89,整租,1100,xingyang
金龙明珠花园 3室2厅2卫 800.0元 107.11平米,3,2,107.1,整租,800,xingyang
清华大溪地15号院 2室1厅1卫 1050.0元 电梯房,2,1,78,整租,1050,xingyang
郑州荥阳吾悦广场 1室1厅1卫 1300.0元 电梯房,1,1,37.9,整租,1300,xingyang
正上豪布斯卡(荥阳) 1室1厅1卫 1000.0元 电梯房,1,1,40,整租,1000,xingyang
索滨阳光苑 3室2厅1卫 1000.0元 电梯房,3,2,100,整租,1000,xingyang
中森林语美墅 3室2厅1卫 1600.0元 电梯房 精装修,3,2,117,整租,1600,xingyang
婚房！第一次出租！吾悦广场旁 豪布斯卡附近 普海外国语,3,2,106,整租,1300,xingyang
自住精装标准，家具家电齐全，地铁口，拎包入住。,3,2,125,整租,1450,xingyang
冯寨社区 3室2厅2卫 1250.0元 电梯房 精装修,3,2,127,整租,1250,xingyang
近马寨新东方康师傅郑科一室一厅一厨一卫家电齐全无中介费拎包住,1,1,45,整租,850,xingyang
忆江南度假区(09区) 3室2厅2卫 1200.0元,3,2,142,整租,1200,xingyang
中森林语美墅 3室2厅1卫 1500.0元 电梯房 精装修,3,2,114.3,整租,1500,xingyang
吾悦 二中旁 碧桂园 电梯双气 精装三房 拎包入住 随时看房,3,2,106,整租,1400,xingyang
中森林语美墅 3室2厅1卫 1600.0元 电梯房 精装修,3,2,117,整租,1600,xingyang
精装三室 全屋定制 电梯双气 对面就是牡丹路小.学,3,2,108,整租,1150,xingyang
碧桂园花园里，精装小三室，暖气免费，拎包入住,3,2,96,整租,1200,xingyang
洋房别墅区 精装四室拎包入住 环境优美僻静 周边配套成熟,4,2,152,整租,2000,xingyang
东方盛典 1室0厅1卫 1000.0元 电梯房 45.0平米,1,0,45,整租,1000,xingyang
大溪地10号院 2室 84平 配套齐全 随时看房,2,2,84,整租,1200,xingyang
紫域澜庭 3室2厅1卫 1300.0元 电梯房,3,2,121,整租,1300,xingyang
锦和花园近新东方和康师傅食品厂附近押一付一家电齐全，拎包入住,3,1,25,合租,420,xingyang
中原路地铁口精装两室 新房出租 郑西一中对面 地铁口300米,2,2,84,整租,1200,xingyang
有钥匙 豪装一室一厅整租 吾悦广场旁 荥阳二中 商隐路,1,1,60,整租,800,xingyang
大溪地15号院 2室2厅1卫 1100.0元 电梯房,2,2,74.1,整租,1100,xingyang
急租碧桂园龙城天悦106平精装三室家具家电齐全拎包入住,3,2,106,整租,1300,xingyang
地铁口100米 两室两厅 无遮挡采光好 生活便利出行方便,2,2,90,整租,900,xingyang
广武路康泰路附近 家具齐全大三室 拎包入住,3,2,105,整租,900,xingyang
拎包入住，看房方便，视野好，采光好，小区环境好，停车方便,3,2,96,整租,1000,xingyang
紫域澜庭 3室2厅1卫 1300.0元 电梯房,3,2,121,整租,1300,xingyang
大溪地九号院临地铁中原路业主急租,2,1,89,整租,1000,xingyang
吾悦广场旁，简装公寓，一室一厨一卫，拎包入住,1,0,40,整租,650,xingyang
新田城二期住福108平三室两厅一卫拎包入住出租,2,1,108,整租,1200,xingyang
大溪地15号院 3室2厅1卫 精装修 南北通透 电梯房,3,2,107,整租,1200,xingyang
一个月起租！吾悦广场旁！押一付一！可短租！郑职院对面，拎包住,2,2,80,整租,1000,xingyang
冯寨社区 3室2厅2卫 1200.0元 电梯房 精装修,3,2,127,整租,1200,xingyang
中原路 地铁口 南北通透两室 东西可配 诚意出租八零零,2,2,91,整租,900,xingyang
宝翔嘉苑 3室2厅2卫 精装修 南北通透 电梯房,3,2,124,整租,1300,xingyang
押一付一，荥阳八小旁，豪布斯卡楼上，吾悦广场旁，普海外国语,3,2,120,整租,1300,xingyang
双层复式 适合办公 房东诚意急租 价格可谈,1,1,45,整租,1000,xingyang
二中旁吾悦广场附近 家具家电齐全，拎包入住 急租可短租,2,2,85,整租,1000,xingyang
大中原汽车城 3室2厅1卫 精装修 南北通透 电梯房 地铁口,3,2,107,整租,1200,xingyang
大溪地15号院 2室2厅1卫 1100.0元 电梯房 ,2,2,74.1,整租,1100,xingyang
海龙时代明都 1室0厅1卫 800.0元 电梯房,1,0,39,整租,800,xingyang
永泰怡景苑 3室2厅2卫 1200.0元 电梯房 精装修,3,2,127,整租,1200,xingyang
泰成悦府 3室2厅2卫 1500.0元 电梯房 精装修,3,2,128,整租,1500,xingyang
华宸阳光公寓南院 3室2厅2卫 1150.0元 精装修,3,2,130,整租,1150,xingyang
婚房 首租！豪装！四个空调！荥阳八小旁 吾悦广场附近,3,2,106,整租,1400,xingyang
光明索河湾一期 2室2厅1卫 1000.0元 电梯房 ,2,2,92,整租,1000,xingyang
悦蓝山 3室2厅1卫 1400.0元 电梯房 精装修,3,2,95,整租,1400,xingyang
郑州职业技术学院旁，押一付一，拎包入住，免物业费,3,2,30,合租,500,xingyang
金地格林小城 3室2厅1卫 1000.0元 电梯房 精装修,3,2,88,整租,1000,xingyang
锦和花园近新东方学院康师傅方便面家电齐全领包入住可月付领包入,1,1,45,整租,799,xingyang
华宸阳光公寓南院 3室2厅2卫 1150.0元 精装修,3,2,130,整租,1150,xingyang
大溪地十号院中原路临近地铁口,2,1,88,整租,1000,xingyang
泰成悦府 3室2厅2卫 1500.0元 电梯房 精装修,3,2,128,整租,1500,xingyang
鑫公寓 2室1厅2卫 1000.0元 电梯房 精装修,2,1,52,整租,1000,xingyang
马寨新东方郑科康师傅附近精装修家具家电可洗澡拎包住民用水电,3,1,25,合租,409,xingyang
海天国际 2室2厅1卫 1000.0元 电梯房 精装修,2,2,60,整租,1000,xingyang
成邑德润华庭 3室2厅2卫 1350.0元 电梯房 精装修,3,2,126,整租,1350,xingyang
鑫龙佳苑 3室2厅2卫 1100.0元 128.0平米,3,2,128,整租,1100,xingyang
郑上品 2室2厅1卫 1000.0元 电梯房 90.2平米,2,2,90.2,整租,1000,xingyang
大溪地10号院 2室2厅1卫 89平 精装修,2,2,89,整租,1300,xingyang
精装修，拎包入住，看房方便，3室2厅,3,2,96,整租,1200,xingyang
海天国际 2室2厅1卫 1000.0元 电梯房 精装修,2,2,60,整租,1000,xingyang
碧桂园龙城幸福里 3室2厅1卫 1300.0元 电梯房,3,2,95,整租,1400,xingyang
郑西鑫苑名家 3室2厅1卫 833.0元 电梯房,3,2,99.9,整租,833,xingyang
大溪地10号院 2室 精装修 地铁口 西一中 郑职院,2,2,84,整租,1200,xingyang
碧桂园龙城 3室2厅2卫 1400.0元 电梯房 精装修,3,2,122,整租,1400,xingyang
鑫龙佳苑 3室2厅2卫 1100.0元 128.0平米,3,2,128,整租,1100,xingyang
金地格林小城，低密度洋房，押一付一，拎包入住,3,2,35,合租,550,xingyang
金地格林小城，低密度洋房，押一付一，拎包入住,3,2,35,合租,550,xingyang
吾悦广场旁，精装一室公寓，高性价比，拎包入住,1,0,40,整租,650,xingyang
新房出租 中原路地铁口 精装修拎包入住,2,1,60,整租,1000,xingyang
第一次出租 押一付一 商隐路小学旁 郑职院对面 金地三房精装,3,2,89,整租,1000,xingyang
海天国际 2室1厅1卫 1000.0元 电梯房 ,2,1,59.7,整租,1150,xingyang
郑西一中陪读 近大中原汽车城 邻中原路 生活出行皆便利,2,2,95,整租,1200,xingyang
大溪地九号院临近地铁口中原路郑西一中。,2,1,89,整租,1200,xingyang
大溪地九号院离门口近临近地铁口中原路 1000 每月包物业费,2,1,88,整租,1000,xingyang
紫东郡大三室出租，适合办公居住两用，看房方便,3,2,130,整租,1100,xingyang
大溪地七号院北门口临地铁站中原路,2,2,93,整租,1200,xingyang
地铁口 奥特莱斯对面 拎包入住随时看房 双气集中供暖,3,2,120,整租,1200,xingyang
已保洁！吾悦广场900米！中原西路行政审批大厅 飞龙路学校,3,2,96,整租,1000,xingyang
已保洁！吾悦广场旁！商隐路小学旁 郑上路高速口！三房两卫,3,2,113,整租,1200,xingyang
吾悦广场附近 豪布斯卡旁边 精装一室 家具家电齐全 拎包入住,1,1,40,整租,800,xingyang
地铁口 已保洁 通透三房 吾悦广场旁！中原西路行政审批大厅,3,2,107.6,整租,1000,xingyang
大溪地11号院正西一中陪读临近地铁口大三室,3,2,119,整租,1400,xingyang
已保洁！押一付一！可短租！吾悦广场旁！中原西路行政审批大厅,3,2,96,整租,1300,xingyang
可短租 价格可谈 市医院门口堡王小学附近 拎包入住,3,1,80,整租,800,xingyang
新田城甲壳虫28平公寓拎包入住出租,1,0,28,整租,600,xingyang
新田城书香苑三室二厅二卫拎包入住出租,3,2,120,整租,1600,xingyang
堡王小学旁 市医院附近 郑上路地铁口家具家电齐全有露台,4,2,139,整租,1000,xingyang
紧邻吾悦广场，德润华庭，押一付一，拎包入住,3,2,30,合租,400,xingyang
10号院 地段好交通便利 全天电梯安保 价格可谈可谈可谈,3,2,109,整租,1300,xingyang
郑西一中 郑职院 简装三室 拎包入住 电梯双气,3,2,107,整租,1200,xingyang
600精装一居室！可短租可月付！免费停车！免费宽带！随时入住,1,0,35,整租,600,xingyang
大溪地15号院，精装三室两厅一卫，拎包入住,3,2,74.1,整租,1100,xingyang
郑上品 3室1厅1卫 1100.0元 电梯房 106.0平米,3,1,106,整租,1100,xingyang
600精装修一居室，交通便利，家电齐全，拎包入住，可短租月付,1,0,35,整租,600,xingyang
600包物业！精装一居室！可短租可月付！免费停车！免费宽带！,1,0,35,整租,600,xingyang
精装修，电梯房，配套设施齐全，月付600，随时看房，拎包入住,1,0,35,整租,600,xingyang
锦和花园 1室 精装修 电梯房 南北通透 可短租 可月付,1,0,35,整租,600,xingyang
大溪地一号院南院李商隐公园对面牡丹路小学南边,3,2,114,整租,1200,xingyang
吾悦广场附近 有多套房源出租 家具家电齐全，拎包入住,1,1,40,整租,800,xingyang
二十里铺精美大单间！无中介费押一付一。近吾悦广场大学城,4,1,30,合租,399,xingyang
悦蓝山 3室2厅2卫 1500.0元 电梯房 120.0平米,3,2,120,整租,1500,xingyang
新田城28平甲壳虫公寓拎包入住出租,1,0,28,整租,600,xingyang
六小附近 小两室  拎包入住  长租可优惠,2,2,70,整租,900,xingyang
碧桂园龙城熙园 3室2厅1卫 1000.0元 电梯房 精装修,3,2,108,整租,1000,xingyang
华宸阳光公寓南院 3室2厅2卫 1150.0元 精装修,3,2,130,整租,1150,xingyang
泰成悦府 三室两厅双卫 精装拎包入住,3,2,128,整租,1500,xingyang
已保洁！900！可短租！吾悦广场旁！荥阳八小 豪布斯卡,3,2,108,整租,900,xingyang
地铁口碧桂园龙城天悦婚房装修三室双卫户型家具家电齐全拎包入住,3,2,125,整租,1450,xingyang
中森林语美墅 1室1厅1卫 1300.0元 电梯房,1,1,57.3,整租,1300,xingyang
牡丹路小学  郑职院旁精装三室拎包入住,3,2,92,整租,1200,xingyang
中原路地铁口豪华装修 两室两厅 家具家电齐全拎包入住,2,2,89,整租,1300,xingyang
中森林语美墅 1室1厅1卫 1300.0元 电梯房,1,1,57.3,整租,1300,xingyang
织机路与郑上路，电梯俩室，设施气齐全，采光好，干净整洁,2,1,60,整租,1000,xingyang
简装两室 家具家电齐全 拎包入住 电梯双气 楼下就是地.铁口,2,2,95,整租,1200,xingyang
九百就租 押一付一 有暖气 地铁口大溪地九号院 荥阳九小旁,2,2,89,整租,950,xingyang
碧桂园芷兰湾103平三室两厅一卫拎包入住出租,3,2,103,整租,1100,xingyang
海天国际 2室2厅1卫 1000.0元 电梯房 精装修,2,2,60,整租,1000,xingyang
年付九百 大溪地 地铁口 李商隐公园 中原西路行政审批大厅,3,2,116,整租,1050,xingyang
金地格林小城，低密度洋房，押一付一，拎包入住,3,2,40,合租,550,xingyang
地铁口精装三室双卫 ，有车位 家具家电齐全 拎包入住,3,2,126,整租,1300,xingyang
紧急出租126平方大三室 大溪地7号院 东西可配,3,2,126,整租,1300,xingyang
大溪地7号院 3室2厅2卫 南北通透 精装修 电梯房,3,2,138,整租,1200,xingyang
东润西城二期临近中原路学校附近,3,1,107,整租,1200,xingyang
海天国际 2室2厅1卫 1000.0元 电梯房 精装修,2,2,60,整租,1000,xingyang
大溪地九号院临近地铁口中原路郑西一中。,2,1,89,整租,1200,xingyang
押一付一！婚房！商隐路小学隔壁 郑职院专升本 吾悦广场旁,3,2,89,整租,1100,xingyang
地铁10号线附近 碧桂园龙城天悦 大三室 拎包入住,3,2,124.8,整租,1300,xingyang
已保洁！第一次租！五洲城附近吾悦广场旁！中原西路行政审批大厅,3,2,137,整租,1600,xingyang
已保洁！押一付一！可短租！吾悦广场旁！中原西路行政审批大厅,2,2,92,整租,1000,xingyang
新房！第一次出租！商隐路小学隔壁 郑职院专升本 吾悦广场旁,3,2,118,整租,1300,xingyang
紫域澜庭 2室2厅1卫 1100.0元 电梯房 精装修,2,2,96.8,整租,1100,xingyang
七百就租 吾悦广场900米 豪布斯卡楼上 整租一室  手慢无,1,1,38,整租,750,xingyang
豫龙镇二十里铺 郑州职业技术学院附近 精装修带阳台 可月付,4,1,25,合租,400,xingyang
小区环境优美，出行方便，地铁口，高速口，高铁站,3,1,89,整租,950,xingyang
出门即是地铁口精装朝南两室，随时拎包入住！,2,2,88,整租,1050,xingyang
紫域澜庭 2室2厅1卫 1100.0元 电梯房 精装修,2,2,96.8,整租,1100,xingyang
中原西路地铁口 出行方便 小高层精装修 拎包入住,2,2,88,整租,1400,xingyang
忆江南度假区05区龙心园 1室1厅1卫 500.0元,1,1,57.5,整租,500,xingyang
大溪地15号院，精装三室两厅一卫，拎包入住,3,2,89,整租,1250,xingyang
金龙明珠花园 3室2厅2卫 800.0元 107.11平米,3,2,107.1,整租,800,xingyang
海龙香槟大道(东区) 3室2厅1卫 1200.0元 电梯房,3,2,121,整租,1200,xingyang
郑西鑫苑名家 2室2厅1卫 1100.0元 电梯房,2,2,85,整租,1100,xingyang
郑上品 1室0厅1卫 850.0元 电梯房 37.0平米,1,0,37,整租,850,xingyang
600精装一居室！可短租可月付！免费停车！免费宽带！随时入住,1,0,35,整租,600,xingyang
600不合租！精装一居室！免费宽带！免费停车！包物业 包入住,1,0,35,整租,600,xingyang
郑上品 3室1厅1卫 1100.0元 电梯房 106.0平米,3,1,106,整租,1100,xingyang
鹿鸣学校对面 妇幼旁 植物园附近 家具家电齐全，拎包入住,3,2,106,整租,1100,xingyang
600精装一居室!可短租可月付！免费停车！免费宽带！随时入住,1,0,35,整租,600,xingyang
郡临天下(1期) 2室2厅1卫 1300.0元 电梯房 ,2,2,95.2,整租,1300,xingyang
郑上品 1室0厅1卫 850.0元 电梯房 37.0平米,1,0,37,整租,850,xingyang
出租荥阳市人民医院附近公寓标间日租月租可做月子房,1,0,30,整租,350,xingyang
碧桂园龙城 3室2厅1卫 1300.0元 电梯房 精装修,3,2,107.7,整租,1300,xingyang
成邑德润华庭 3室1厅1卫 1100.0元 电梯房,3,1,89.4,整租,1100,xingyang
意墅蓝山 2室2厅1卫 1100.0元 电梯房 精装修,2,2,85,整租,1100,xingyang
郑职院旁精装三室双卫 南北通透 牡丹路小学新城尚郡,3,2,110.3,整租,1200,xingyang
忆江南度假区05区龙心园 1室1厅1卫 500.0元,1,1,57.5,整租,500,xingyang
出租荥阳市人民医院附近公寓标间日租月租可做月子房,1,0,30,整租,300,xingyang
地铁口100米 南北通透精装三室 大中原汽车城 郑西一中,3,2,107,整租,1200,xingyang
海天国际 2室1厅1卫 1000.0元 电梯房 ,2,1,59.7,整租,1150,xingyang
紫域澜庭 2室2厅1卫 1100.0元 电梯房 精装修,2,2,96.8,整租,1100,xingyang
海天国际 2室1厅1卫 1000.0元 电梯房 ,2,1,59.7,整租,1150,xingyang
碧桂园龙城 3室2厅2卫 1500.0元 电梯房 精装修,3,2,122,整租,1500,xingyang
光明索河湾一期 3室2厅1卫 1200.0元 电梯房 精装修,3,2,108,整租,1200,xingyang
佳地花园 2室2厅1卫 900.0元 电梯房 80.0平米,2,2,80,整租,900,xingyang
金地格林小城 3室2厅1卫 1100.0元 电梯房 ,3,2,89,整租,1100,xingyang
金地格林小城低密度洋房，押一付一，拎包入住,3,2,35,合租,550,xingyang
房子位于思念翡翠城，看房方便，拎包入住,3,2,106,整租,1400,xingyang
郑西一中对面 大溪地15号院 家具家电齐全 两室两厅 拎包入,2,2,95,整租,1200,xingyang
地势好 阳光好 全明户型 小区环境好 实际面积大 性价比高,3,2,116,整租,1300,xingyang
大溪地9号院 3室2厅2卫 精装修 133平 配套齐全 真实,3,2,133,整租,1200,xingyang
郑西一中对面 3室2厅1卫 电梯房 精装修 南北通透,3,2,115,整租,1200,xingyang
紧邻吾悦广场，德润华庭，押一付一，拎包入住,3,2,30,合租,550,xingyang
碧桂园龙城 3室2厅2卫 精装修 南北通透 电梯房,3,2,121,整租,1300,xingyang
大溪地九号院地铁口附近中原路郑西一中,3,2,88,整租,1200,xingyang
碧桂园芷兰湾小三室拎包入住出租,3,2,104,整租,1000,xingyang
婚房！新房！第一次出租！中原西路地铁口 信息工程学院旁,2,2,89,整租,1100,xingyang
碧桂园龙城幸福里 3室2厅1卫 1300.0元 电梯房 ,3,2,95,整租,1400,xingyang
大溪地 1 号院 南院李商隐公园对面奥巴拉拉水公园附近,3,2,114,整租,1300,xingyang
民宿酒店标准干净整洁家具家电齐全领包入住,3,2,108,整租,1500,xingyang
郑西一中对面 近地铁 三室双卫 家具家电齐全 拎包入住,3,2,109,整租,1100,xingyang
新田城甲壳虫公寓V栋28平复式拎包入住出租,1,1,28,整租,750,xingyang
新田城甲壳虫38公寓拎包入住出租,1,0,38,整租,800,xingyang
新田城书香苑三室二厅二卫拎包入住出租,3,2,135,整租,1300,xingyang
小区环境优美，出入方便，地铁口，高速囗，高铁站,3,1,106,整租,1200,xingyang
八小旁 豪布斯卡吾悦广场附近 精装家具家电齐全，拎包入住,3,2,110,整租,1600,xingyang
豫龙镇二十里铺 职业技术学院附近精装修 带阳台带卫生间,4,1,30,合租,400,xingyang
繁荣小区 3室2厅1卫 850.0元 93.0平米,3,2,93,整租,850,xingyang
东区 吾悦 二中附近 小两室 拎包入住 押一付三,2,2,60,整租,1000,xingyang
中原路地铁口 精装两室 拎包入住，配套齐全价格可谈可谈,2,2,89,整租,1100,xingyang
吾悦广场旁，德润华庭，押一付一，拎包入住,3,2,30,合租,450,xingyang
无中介费，紧邻吾悦广场旁，德润华庭拎包入住,3,2,25,合租,450,xingyang
佳地花园 2室2厅1卫 1200.0元 电梯房 80.0平米,2,2,80,整租,1200,xingyang
郑西鑫苑名家 3室2厅1卫 1300.0元 电梯房,3,2,99,整租,1300,xingyang
中森林语美墅 1室1厅1卫 1300.0元 电梯房,1,1,57.3,整租,1300,xingyang
百合嘉苑 3室2厅1卫 1200.0元 电梯房 精装修,3,2,124,整租,1200,xingyang
京城花园 2室2厅1卫 800.0元 100.0平米,2,2,100,整租,800,xingyang
翟寨社区 3室2厅2卫 1000.0元 电梯房 精装修,3,2,120,整租,1150,xingyang
海龙时代明都 1室0厅1卫 900.0元 电梯房 精装修,1,0,40,整租,900,xingyang
建海绿荫半岛 3室2厅1卫 1500.0元 电梯房 精装修,3,2,112,整租,1500,xingyang
600精装一居室！可短租可月付！包物业！免费停车！免费宽带！,1,0,35,整租,600,xingyang
可短租 押一付一 职业学院 精装一居室 民用水电 包物业网费,1,0,35,整租,600,xingyang
豫龙镇二十里铺社区近吴悦广场技术学院专升本的好住所可月付,4,1,35,合租,400,xingyang
碧桂园龙城天悦 3室2厅2卫 1650.0元 电梯房 精装修,3,2,140,整租,1600,xingyang
碧桂园龙城熙园 3室2厅1卫 1000.0元 电梯房 精装修,3,2,108,整租,1000,xingyang
九百！中原西路 地铁口100米！大溪地九号院 两房 南北通透,2,2,90,整租,950,xingyang
碧桂园龙城天悦 3室2厅1卫 1100.0元 电梯房 精装修,3,2,107,整租,1100,xingyang
豫龙镇二十里铺社区 1室 配套齐全 电梯房 精装修 包物业,1,0,35,整租,600,xingyang
海龙时代明都 1室1厅1卫 900.0元 电梯房 精装修,1,1,36,整租,800,xingyang
悦蓝山 3室2厅1卫 95平 配套齐全 精装修,3,2,95,整租,1400,xingyang
中原路地铁口 两室两厅 近地铁 出行方便 价格优惠,2,2,84,整租,1000,xingyang
南苑春光(东区) 1室1厅1卫 750.0元 58.0平米,1,1,58,整租,750,xingyang
紫域澜庭 2室2厅1卫 1100.0元 电梯房 精装修,2,2,96.8,整租,1100,xingyang
龙门实验旁 郑上路中医院附近 精装修家具家电齐全，拎包入住,3,2,133.8,整租,1600,xingyang
大溪地7号院 2室 配套齐全 60平 少有的户型,2,2,60,整租,1000,xingyang
大溪地10号院 精装修 全家电 包物业费,3,2,127,整租,1300,xingyang
地.铁旁精装三室 拎包入住 电梯双气 人车分流环境好,3,2,127,整租,1300,xingyang
600豫龙镇二十里铺社区 1室 精装修 配套齐全 南北通透,1,0,35,整租,600,xingyang
小区环境优美出行，方便地铁高铁高速口全在小区附近,3,1,89,整租,1100,xingyang
郑职院旁 押一付一 吾悦广场旁 郑上路 高速口 拎包入住,2,2,82,整租,820,xingyang
碧桂园湖光山色122平三室两厅二卫拎包入住出租,3,2,122,整租,1100,xingyang
碧桂园芷兰湾122平三室两厅二卫拎包入住,3,2,120,整租,1200,xingyang
地.铁口 精装一室一厅，已做两室 全屋定制 拎包入住,1,1,59,整租,1000,xingyang
新田城甲壳虫39平虫公寓拎包入住出租,1,0,39.3,整租,650,xingyang
房东自住型装修，实拍照片，实地拍摄，干净清爽，随时来电看房！,3,2,128,整租,1400,xingyang
大溪地九号院临近地铁口中原路郑西一中。,2,1,89,整租,1200,xingyang
大溪地九号院临近地铁口中原路郑西一中。,2,1,89,整租,1200,xingyang
紧邻五洲城   简装  电梯房 家具家电齐全 拎包入住,2,2,88,整租,1000,xingyang
东区三室拎包入住 家具家电齐全,3,2,110,整租,1000,xingyang
一个月起租，二十里铺社区，无任何杂费，押一付一，拎包入住,3,2,30,合租,400,xingyang
新田城甲壳虫V栋28平复式拎包入住出租,1,1,28,整租,750,xingyang
碧桂园幸福里，押一付一，可长短租，拎包入住,3,2,30,合租,550,xingyang
新田城甲壳虫公寓V栋28平复式拎包入住出租,1,1,28,整租,750,xingyang
西一中地铁口 精装修 南北通透 拎包入住 干净整洁采光通风好,2,2,92,整租,1000,xingyang
小区环境优美，出行方便，高铁，高速口，地铁口,3,1,89,整租,1300,xingyang
鹿鸣学校植物园附近 妇幼旁 康泰路广武路4室拎包入住,4,2,180,整租,1000,xingyang
紧邻吾悦广场，押一付一，拎包入住，无任何杂费。,3,2,35,合租,400,xingyang
吾悦广场旁，精装一室一厅一卫，拎包入住,1,1,45,整租,650,xingyang
临邻吾悦广场，无任何杂费，押一付一，拎包入住,3,2,30,合租,400,xingyang
二十里铺 吾悦广场近押一付一 可做饭无中介 随时看房拎包住,4,1,25,合租,399,xingyang
东润玺城(三期) 3室2厅2卫,3,2,108,整租,1100,xingyang
晖达御景苑 2室2厅1卫,2,2,89.8,整租,1050,xingyang
荥阳 2室2厅1卫,2,2,97,整租,1000,xingyang
冯寨社区 3室2厅2卫,3,2,132,整租,1000,xingyang
海龙时代明都 1室0厅1卫,1,0,40,整租,888,xingyang
郑西鑫苑名家 3室2厅1卫,3,2,95,整租,1300,xingyang
金地格林小城 2室2厅1卫,2,2,80,整租,1300,xingyang
大溪地10号院 3室2厅1卫,3,2,96.2,整租,1400,xingyang
郡临天下(2期) 3室2厅1卫,3,2,104,整租,1800,xingyang
居易世界观 3室2厅2卫,3,2,125.6,整租,1150,xingyang
大溪地七号院 2室1厅1卫,2,1,90,整租,1100,xingyang
荥阳城区 2室1厅1卫,2,1,80,整租,600,xingyang
昌煜豫龙之春 2室1厅1卫,2,1,83,整租,800,xingyang
荥阳 3室1厅1卫,3,1,107,整租,1100,xingyang
中森林语美墅 4室1厅1卫,4,1,9,合租,550,xingyang
金龙紫东郡 2室1厅1卫,2,1,88,整租,1100,xingyang
新城尚郡 3室1厅1卫,3,1,91,整租,1200,xingyang
昌煜豫龙之春 1室1厅1卫,1,1,56,整租,900,xingyang
荥阳城区 3室1厅2卫,3,1,131,整租,1300,xingyang
颐合小区 3室2厅2卫,3,2,143,整租,1000,xingyang
金苑阳光里 3室1厅1卫,3,1,110,整租,1450,xingyang
成邑德润华庭 2室1厅1卫,2,1,65,整租,900,xingyang
东原阅境 4室2厅2卫,4,2,123,整租,1000,xingyang
鼎盛苑 3室2厅1卫,3,2,134,整租,1350,xingyang
东润玺城(一期) 2室1厅1卫,2,1,78,整租,1100,xingyang
金地格林小城 3室2厅2卫,3,2,115,整租,1600,xingyang
大溪地15号院 2室2厅1卫,2,2,74.1,整租,1100,xingyang
新田城二期住福 2室2厅1卫,2,2,103,整租,1200,xingyang
碧桂园龙城幸福里 3室2厅2卫,3,2,125,整租,900,xingyang
碧桂园龙城幸福里 3室2厅1卫,3,2,96.5,整租,1400,xingyang
碧桂园龙城天悦 3室2厅2卫,3,2,97,整租,1260,xingyang
东润玺城(一期) 3室2厅1卫,3,2,89,整租,860,xingyang
瀚宇天悦湾1号院 2室1厅1卫,2,1,90,整租,1400,xingyang
昌煜豫龙之春 3室1厅1卫,3,1,100,整租,1200,xingyang
正商博雅华庭 2室2厅1卫,2,2,73.1,整租,1100,xingyang
大溪地15号院 2室2厅1卫,2,2,75,整租,1200,xingyang
大溪地10号院 3室2厅2卫,3,2,137,整租,1600,xingyang
锦绣佳园 3室2厅2卫,3,2,129,整租,1300,xingyang
金地格林小城 3室2厅1卫,3,2,89,整租,1500,xingyang
大溪地10号院 2室2厅1卫,2,2,85,整租,2500,xingyang
"恒大山水城一,四期 2室2厅1卫",2,2,91,整租,1000,xingyang
泰成悦府 2室1厅1卫,2,1,81.1,整租,1300,xingyang
荥阳 3室1厅1卫,3,1,106.9,整租,1500,xingyang
郑州恒大养生谷 2室1厅1卫,2,1,80.8,整租,980,xingyang
大溪地10号院 3室1厅1卫,3,1,109,整租,1300,xingyang
粮油议价公司家属院 4室2厅1卫,4,2,126.9,整租,600,xingyang
大溪地10号院 3室1厅1卫,3,1,86,整租,1300,xingyang
恒大山水城二期 3室2厅1卫,3,2,99,整租,1000,xingyang
新田城甲壳虫公寓 1室1厅1卫,1,1,28,整租,600,xingyang
海龙时代明都 1室1厅1卫,1,1,37,整租,900,xingyang
碧桂园龙城 3室2厅2卫,3,2,123.4,整租,1500,xingyang
大溪地15号院 2室1厅1卫,2,1,75,整租,1350,xingyang
东润玺城(一期) 3室2厅1卫,3,2,98,整租,900,xingyang
碧桂园龙城天悦 3室2厅1卫,3,2,97,整租,1300,xingyang
意墅蓝山 5室2厅2卫,5,2,188,整租,1800,xingyang
"恒大山水城一,四期 2室2厅1卫",2,2,83,整租,1100,xingyang
交通局家属院(通站路) 3室2厅1卫,3,2,128,整租,600,xingyang
曹李村 1室0厅1卫,1,0,20,整租,270,xingyang
中森林语美墅 4室1厅1卫,4,1,18,合租,650,xingyang
碧桂园龙城天悦 3室2厅1卫,3,2,96,整租,1400,xingyang
大溪地10号院 3室2厅1卫,3,2,89,整租,1300,xingyang
大溪地十号院中原路临近地铁口,2,1,88,整租,1000,xingyang
碧桂园龙城 3室2厅1卫 1300.0元 电梯房 精装修,3,2,107.7,整租,1300,xingyang
豫龙镇二十里铺社区近吴悦广场技术学院专升本的好住所可月付,4,1,35,合租,400,xingyang
太便宜了一楼！可办公！吾悦广场旁！豪布斯卡附近 普海外国语,3,2,108,整租,900,xingyang
清华大溪地10号院，2室，实拍房源，看房方便非诚勿扰！,2,2,88,整租,1100,xingyang
一个月起租，二十里铺社区，押一付一，拎包入住,3,2,30,合租,400,xingyang
二十里铺社区，单间，押一付一，拎包入住,3,2,40,合租,400,xingyang
出租荥阳市人民医院附近公寓标间日租月租可做月子房,1,0,30,整租,350,xingyang
八百就租 新房！第一次出租！碧桂园龙城 适合拆迁户 三房两卫,3,2,125,整租,800,xingyang
新田城二期住福143平简单装修出租,3,2,143,整租,1000,xingyang
无中介费！一室一厅一厨一卫，精装带阳台厨房，近新东方康师傅,1,1,50,整租,850,xingyang
金地格林小城，押一付一，拎包入住,3,2,35,合租,500,xingyang
太干净，金地格林小城，精装2室2厅1卫， 拎包入住,2,2,78,整租,1300,xingyang
职业技术学院对面，精装一居室，配套设施齐全，民用水电，电梯房,1,0,35,整租,600,xingyang
600包物业！精装一居室！可短租可月付！免费停车！免费宽带！,1,0,35,整租,600,xingyang
吾悦广场旁，精装公寓一居室，配套设施齐全,1,0,35,整租,750,xingyang
郑职旁边精美一居室，免费宽带包物业费，民用水电押一付一可短租,1,0,35,整租,600,xingyang
昌煜豫龙之春 1室 电梯房 南北通透 精装修,1,0,35,整租,600,xingyang
600精装一居室！可短租可月付！免费停车！免费宽带！拎包入住,1,0,35,整租,600,xingyang
大溪地10号院 2室 88平 精装修 李商隐公园 地铁10号,2,2,88,整租,1100,xingyang
600整租 昌煜豫龙之春 1室 精装修 南北通透 电梯房,1,0,35,整租,600,xingyang
不是合租 麻雀虽小 五脏俱全 民用水电 温馨一居室 随时看房,1,0,35,整租,600,xingyang
二十里铺精装一居室，随时看房随时入住，可短租可月付，包物业,1,0,35,整租,600,xingyang
600精装一居室！免费停车！免费宽带！包物业！可短租可月付,1,0,35,整租,600,xingyang
昌煜豫龙之春 1室 电梯房 配套齐全 精装修 可月付 包物业,1,0,35,整租,600,xingyang
600不合租！精装一居室！可短租!可月付 ！免费停车！包入住,1,0,35,整租,600,xingyang
