德邦物流园附近精装修房子出租大主卧家电齐全随时看房可拎包入住,3,1,29,合租,450,zhongmou
李湖桥社区精装修房子出租家电齐全南北通透房间干净整洁随时看房,2,1,65,整租,1100,zhongmou
锦祥福园次卧家具齐全精装精干净整洁宇通上汽旁押一付一拎包入住,3,1,20,合租,450,zhongmou
中建翰林院，地矿职业学院，亨泽物流园附近，家电齐全，拎包入住,2,1,65,整租,1000,zhongmou
郑东新区，精装两室一厅出租，李湖桥社区，家电齐全，拎包入住。,2,1,65,整租,1100,zhongmou
美盛象湖一百40平精装修单人公寓，临近阿里巴巴，设计研究院,1,1,40,整租,840,zhongmou
普洛斯德邦物流园旁精装修三室一厅家具家电齐全拎包入住无中介费,3,1,25,合租,399,zhongmou
锦程花园二号院精装修，家电齐全，随时看房，南北通透，交通便利,3,1,28,合租,450,zhongmou
栖瑞家园，精装两室一厅出租，金庚，阜外医院，郑开中学旁,2,1,65,整租,1100,zhongmou
锦程花园二期精装修南北通透交通便利家电齐全拎包入住押一付一,3,1,20,合租,500,zhongmou
锦程花园二期精装普洛斯宇培旁家电齐全拎包入住押一付一,2,1,60,整租,1000,zhongmou
李湖桥社区精装修房子出租家电齐全南北通透房间干净整洁随时看房,2,1,65,整租,1100,zhongmou
近万邦市场汽配城无中介费押一付一带阳台朝南精装可做饭,4,1,26,合租,400,zhongmou
工商学院附近，豫兴家园合租单间出租，小区环境好,4,1,22,合租,420,zhongmou
伟业国际，物流通道旁，郑东新区，李湖桥社区，精装两室一厅出租,2,1,65,整租,1100,zhongmou
德邦物流园旁边精装单间出租南北通透家电齐全干净整洁随时看房子,3,1,28,合租,420,zhongmou
[整租]宇培物流园，普洛斯物流园，华丰物流园附近，家电齐全，,4,1,90,合租,750,zhongmou
尚景华园新小区两室一厅 紧靠郑开大道 上东城 无中介随时看房,2,1,79,整租,1199,zhongmou
龙子湖郑开大道上精装两室，双气已通，带车位。电梯房环境好,2,1,75,整租,1200,zhongmou
无中介费九州通润之新普洛斯新亚安德德邦宇通新能源附近拎包入住,2,1,72.8,整租,950,zhongmou
铝型材物流园，玉溪中学，大数据中心附近，家电齐全，拎包入住，,2,1,75,整租,1000,zhongmou
郑信公园，铝型材物流园，玉溪中学附近，家电齐全，拎包入住，,2,1,75,整租,1000,zhongmou
商都路附近大雍嘉园小区整租两室一厅出租，,2,1,65,整租,1000,zhongmou
白坟幸福家园130平三室两厅两卫，临门口，有电梯,3,2,130,整租,1600,zhongmou
高铁站附近尚景华园整租两房精装齐全拎包入住，房东直租,2,2,75,整租,1300,zhongmou
天一专升本附近精装二室一厅出租出租南北通透家电齐全随时看,2,1,65,整租,1100,zhongmou
象湖100两室一厅一卫家电齐全，临近阿里巴巴设研院，艺术学院,2,1,30,整租,1040,zhongmou
无中介费万邦万华伟比克电池汽车博览园附近精装两室拎包入住,2,1,45,整租,1100,zhongmou
普洛斯京东德邦物流园附近精装拎包入住费可短租可押一付一无中介,3,1,25,合租,410,zhongmou
[]郑信公园，铝型材物流园，玉溪中学附近，家电齐全，拎包入住,2,1,65,整租,1000,zhongmou
纯南户 丹尼斯二天地 精装修两室两厅一卫 可以随时看房,2,2,75,整租,1000,zhongmou
丹尼斯总店朝南落地窗 第一次出租 可以拎包入住 所见即所得,2,2,75,整租,1000,zhongmou
象湖精装修二室一厅，家电家具齐全，拎包入住可短租可押一付一！,2,1,65,整租,1100,zhongmou
栖瑞家苑，两室一厅精装修出租，拎包入住，金庚医院阜外医院附近,2,1,65,整租,1100,zhongmou
白沙富士康，大雍嘉苑位于商都大道，精装单间，拎包入住，可做饭,3,1,15,合租,399,zhongmou
可短租，可月付，精装一室朝南，配套设施齐全，紧邻万邦，不合租,1,0,35,整租,600,zhongmou
锦程花园二号院 3室1厅2卫 20平 南北通透 电梯房,3,1,20,合租,510,zhongmou
精装两室一厅家电齐全拎包入住温馨的家只为你住,2,1,60,整租,999,zhongmou
房东直租无中介费，高铁站独立，精装修，整租两房，拎包入住,2,2,70,整租,1200,zhongmou
德邦 宇培 普洛斯极兔旁 精装两室一厅温馨入住 押一付一,2,1,60,整租,1000,zhongmou
宇通上汽鸿泰附近 精装两室一厅 押一付一 家电齐全，拎包入住,2,1,75,整租,1000,zhongmou
象湖100金悦园28平1室1厅1卫朝南公寓出租,1,1,28,整租,800,zhongmou
豫兴家园二号院两室一厅一厨一卫家电齐全领包入住专升本的好住所,2,1,65,整租,1089,zhongmou
普洛斯德邦京东物流园附近精装两室一厅可短租可押一付一无中介费,2,1,65,整租,1100,zhongmou
精装双气2室2厅，无中介，近象湖，地矿大厦，工商学院交通学院,2,2,68,整租,999,zhongmou
新上 可短租 干净整洁 新人民医院旁 可随时看房,2,2,93,整租,800,zhongmou
锦祥福园客厅精装上汽宇通旁家电齐全拎包入住押一付一干净整洁,2,1,25,合租,500,zhongmou
锦程花园精装主卧出租家电齐全南北通透带大阳台随时联系看房就可,3,1,28,合租,410,zhongmou
东四环龙子湖象湖附近单间出租,3,2,35,合租,600,zhongmou
无中介费九州通润之新普洛斯新亚安德德邦宇通新能源附近拎包住,2,1,72.8,整租,850,zhongmou
万邦市场附近盛和社区合租单间出租,4,1,16,合租,420,zhongmou
精装单间带飘窗家电齐全可押一付一拎包入住,3,2,20,合租,450,zhongmou
高铁站附近尚景华园整租三房，精装修家具家电齐全，拎包入住！,3,2,113,整租,1500,zhongmou
宇通上汽中铁旁 九龙新城 精致小次卧 配套齐全 月付拎包入住,3,1,15,合租,450,zhongmou
近白沙商都路富士康。康庄洁具市场，华丰家具无中介费押一付一,2,1,65,整租,999,zhongmou
京东亚一仓库附近小区合租单间出租，小区环境好，停车方便,3,1,28,合租,400,zhongmou
宇培物流园附近精装修房子家电齐全房子干净整洁随时看房拎包入住,2,1,65,整租,1100,zhongmou
锦程花园一期精装修拎包入住，德邦物流普洛斯物流园附近，爱干净,3,2,23,合租,450,zhongmou
近亚洲第一沧普洛斯宇培极兔等物流园！无中介费押一付一家具家电,4,1,26,合租,399,zhongmou
干净整洁 新人民医院旁 可随时看房,2,2,93,整租,800,zhongmou
象湖100精装网红 公寓拎包入住 大两房 地暖随时看,2,1,38,整租,1300,zhongmou
阜外医院附近精装二室一厅出租南北通透家电齐全拎包入住随时看房,2,1,65,整租,1100,zhongmou
急租，潘家苑，大两室，家具家电齐全，拎包入住，采光好，随时看,2,2,90,整租,900,zhongmou
豫兴家苑4号院精装两室一厅工商学院郑铁郑旅旁押一付一随时看房,2,1,60,整租,1000,zhongmou
急租，东风路小学旁 2室2厅1卫 电梯房,2,2,90,整租,900,zhongmou
白沙 电梯 大三房 有空调 冰箱 洗衣机 交通方便,3,2,121,整租,1000,zhongmou
美盛象湖100金悦园 2室1厅1卫精装修家具家电齐全拎包入住,2,1,56,整租,1100,zhongmou
锦程花园2期精装两室一厅普洛斯德邦旁押一付一随时看房,2,1,60,整租,1000,zhongmou
宇培物流园附近精装修房子家电齐全房子干净整洁随时看房拎包入住,2,1,65,整租,1100,zhongmou
近白沙商都路富士康。康庄洁具市场，华丰家具无中介费押一付一,2,1,65,整租,999,zhongmou
水岸鑫城三室精装修，拎包入住，干净温馨，有钥匙，随时看房,3,2,85,整租,1000,zhongmou
房东直租，栖瑞家苑，两房出租，家具家电齐全拎包入住,2,1,65,整租,1000,zhongmou
和房东签合同 没有中介费 车库免费停车 落地阳台视野好,2,1,75,整租,1300,zhongmou
急租，水岸鑫城，平层三室1200精装，家具家电齐全，拎包入住,3,2,91,整租,1200,zhongmou
豫兴家苑五号苑精装出租，家电齐全，南北通透，出租！！！！,2,1,65,整租,1100,zhongmou
融创观澜壹号惠园，毛坯，有密码随时看房,3,1,106,整租,800,zhongmou
700一个月，三台空调，冰箱洗衣机全齐，有钥匙随时看房子,2,2,92,整租,700,zhongmou
星城国际 简单干净 两台空调 冰箱洗衣机 要长住,2,2,91.9,整租,650,zhongmou
急租东方润景一室一厅精装出租，拎包入住,1,1,38,整租,900,zhongmou
东润城 3室2厅2卫 精装修 电梯房 117平,3,2,117.5,整租,1200,zhongmou
急租，水岸鑫城，一室精装，暖气房，家电齐全，拎包入住,1,1,48,整租,600,zhongmou
急租，壹号公园，精装大两室，采光好，拎包入住，随时可看房。,2,2,88.9,整租,1200,zhongmou
800一个月，家具家电齐全，全天采光无遮挡，可随时看房子。,2,2,92,整租,800,zhongmou
精装修两室一厅一厨一卫电梯好房，家具家电齐全，领包入住,2,1,65,整租,750,zhongmou
急租，水岸鑫城，精装一室，温馨标间，家具家电齐全，拎包入住。,1,1,35,整租,600,zhongmou
急租，东方银座，一室，精装，房子家电齐全，拎包入住，不容错过,1,1,34.4,整租,800,zhongmou
经开物流园 保利罗兰香谷三房出租，家电齐全，拎包入住看房方便,3,3,89,整租,1200,zhongmou
东方润景，一室精装修，拎包入住，随时看房,1,1,50.2,整租,900,zhongmou
急租祥瑞花园，精装修带暖气，干净温馨，有钥匙随时看房,3,2,141,整租,1200,zhongmou
急租，盛世通达，大两室南北通透，家具家电齐全，拎包入住。,2,2,90,整租,900,zhongmou
象湖100两室一厅一卫家电齐全，临近阿里巴巴设研院，艺术学院,2,1,30,整租,1040,zhongmou
金地名悦 3室2厅1卫 1200.0元 电梯房 精装修,3,2,89.1,整租,1200,zhongmou
急租，世纪城，暖气房，三室精装，1100，电梯房，拎包入住,3,2,107,整租,1100,zhongmou
南岗嘉苑一号院 2室1厅1卫 1100.0元 电梯房 精装修,2,1,65,整租,1100,zhongmou
800一个月，可居住，可办公，临商超电影院，出行方便，随时看,1,1,38,整租,800,zhongmou
金地名悦 3室2厅2卫 1300.0元 电梯房 精装修,3,2,119.4,整租,1500,zhongmou
1000一个月，精装修两室，家具家电齐全，可拎包入住。,2,2,92,整租,1000,zhongmou
温馨两室好楼层业主急租价位好谈看房方便,2,2,87,整租,1000,zhongmou
商都路东润华景双气两室两厅，精装配套齐全拎包入住，诚心出租,2,2,88,整租,1100,zhongmou
急租，十里头德盛苑 2室2厅1卫 电梯房 精装修 拎包住,2,2,90,整租,800,zhongmou
急租，水岸鑫城 2室2厅1卫 电梯房，家具家电齐全，随时看房,2,2,90,整租,900,zhongmou
星城国际东苑三室两厅两卫房，南北通透采光好,3,2,125,整租,1200,zhongmou
富源花都，两室精装修，拎包入住干净温馨，有钥匙随时看房,2,2,99,整租,1000,zhongmou
急租东方润景一室一厅精装出租，拎包入住,1,1,37.8,整租,900,zhongmou
精装暖气2室2厅，无中介，近象湖，地矿大厦，管委会艺术学院,2,2,68,整租,999,zhongmou
车库免费停车 没有物业费 没有中介费 和房东签,2,1,75,整租,1200,zhongmou
宇培物流园附近精装修房子家电齐全整洁干净可随时看房子拎包入住,3,1,25,合租,410,zhongmou
经开区 保利罗兰香谷 三房两卫采光好，南北通透，价格可谈,3,2,125,整租,1200,zhongmou
豫兴六号苑精装两室一厅出租，家电齐全，南北通透，24小时热水,2,1,65,整租,1100,zhongmou
急租东方润景带暖气两室出租，家具家电齐全，拎包入住,2,2,85,整租,1000,zhongmou
东润城(二期璟园) 4室2厅2卫 2000.0元 电梯房,4,2,143,整租,2000,zhongmou
带暖气小三房  简单装修  家电家具齐全  拎包入住,3,1,93.6,整租,1000,zhongmou
中牟万邦批发市场附近精装修主卧次卧家电齐全民用水电随时看房,4,1,25,合租,420,zhongmou
带暖气的大三房  简装干干净净  看上房子价位可谈,3,2,145,整租,1500,zhongmou
房源采光好，南北通透，业主诚意出,2,1,60,整租,900,zhongmou
星城国际东苑 3台空调家电齐全 带地暖 家门口生活便利,2,2,93,整租,800,zhongmou
锦祥花园精装单间主卧独卫家电齐全拎包入住,3,2,30,合租,500,zhongmou
经开区 航海路 精装一室 独立卫生间 可短租,1,1,40,整租,900,zhongmou
普洛斯德邦物流园附近精装二室一厅出租家电齐全南北通透随时看房,2,1,60,整租,1000,zhongmou
房东直租 尚景华园 3室2厅1卫 精装修  电梯房,3,2,110,整租,1600,zhongmou
急租，十里头德盛苑 3室 拎包入住。电梯房 精装修,3,2,125,整租,950,zhongmou
房东直签 尚景华园门面两房 可做菜鸟超市 做小生意 随时看房,2,2,75,整租,1550,zhongmou
象湖100金悦园1室1厅1卫公寓出租,1,1,28,整租,800,zhongmou
急租，壹号公园， 两室带车位免费用，家具家电齐全，拎包入住。,2,2,88.9,整租,1200,zhongmou
短租的房子来了  带地暖的小区  纯南两房简装家电家具齐全,2,2,91,整租,1000,zhongmou
京东亚一普洛斯创新学校附近精装修可做饭可洗澡月付随时看房,4,1,30,合租,400,zhongmou
新悦城，小复式，居住办公均可，家电家具齐全，随时看房子,1,1,40,整租,900,zhongmou
40平1室1厅1卫公寓出租 纯公寓小区环境好,1,1,40,整租,870,zhongmou
大雍2号院旁商都路白沙富士康精装修单间拎包入住,3,1,15,合租,399,zhongmou
实图实价和房东签合同 没有中介费 没有物业费 车库免费停车,2,1,75,整租,1300,zhongmou
工商学院附近，豫兴家园合租单间出租，小区环境好,4,1,22,合租,420,zhongmou
郑东新区 东四环郑开大道 和房东签合同 车库免费停车,2,1,75,整租,1200,zhongmou
万邦市场附近盛和社区合租单间出租,4,1,16,合租,420,zhongmou
郑东新区 地铁口 锦绣家园两房出租 家电齐全拎包入住看房方便,2,2,83,整租,750,zhongmou
京东亚一附近精装修拎包入住干净卫生可月付可做饭全天热水民用电,4,1,28,合租,400,zhongmou
急租，盛世家园1号院，电梯房四室两卫，临解放路小学，随时可看,4,2,150,整租,1000,zhongmou
精装修两室一厅一厨一卫的好房，家具家电齐全，领包入住,2,1,65,整租,700,zhongmou
东贾社区，精装主卧单间出租，鸿泰物流附近，找爱干净的合租,3,1,29,合租,450,zhongmou
路劲国际城新装修租空调2台冰箱洗衣机沙发包物业费1000,3,2,90,整租,1000,zhongmou
东四环郑开大道 实图实价 和房东签合同没有中介费,3,2,113,整租,1600,zhongmou
房源采光好，南北通透，业主诚意出,2,2,86,整租,1200,zhongmou
美盛象湖金悦园两室精装修房,2,0,31,整租,1000,zhongmou
美盛象湖100两室一厅出租,2,1,31,整租,1000,zhongmou
房东直租高铁站市体育中心附近整租两房，精装拎包入住！,2,1,75,整租,1200,zhongmou
急租水岸鑫城一室一厅中等装修出租，拎包入住，看房方便,1,1,48,整租,800,zhongmou
郑东新区李湖桥社区，主卧大阳台，找爱干净的合租，可短租,3,1,27,合租,550,zhongmou
大雍家苑二号 富士康科技附近精装单间带飘窗 家具家电齐全,4,1,25,合租,400,zhongmou
急租，解放路旁，泰安馨苑，两室精装，1000，电梯房拎包入住,2,2,96.4,整租,1000,zhongmou
无中介费九州通润之新普洛斯新亚安德德邦宇通新能源附近拎包住,2,1,72.8,整租,850,zhongmou
上东国际 精装一室一厅 拎包入住 月租1100包物业费,1,1,20,合租,1100,zhongmou
东岸曦城 3室1厅1卫 800.0元 电梯房 精装修,3,1,87.4,整租,800,zhongmou
郑东新区高铁站附近整租两房出租，精装修，拎包入住，房东直租,2,2,75,整租,1200,zhongmou
实图实价和房东签合同 没有中介费地下车库免费停车,2,1,75,整租,1200,zhongmou
急租，世祥花园，紧邻新圃街小学，电梯房两室，采光好拎包入住。,2,2,90,整租,1000,zhongmou
蓝山溪语 3室2厅1卫 电梯房 精装修 南北通透,3,2,80,整租,1350,zhongmou
急租，十里头德盛苑 2室 领包入住，电梯房 90平 精装修,2,2,90,整租,800,zhongmou
郑东新区，李湖桥社区，精装两室一厅，拎包入住，找爱干净的住户,2,1,75,整租,1100,zhongmou
路劲国际城空调2台，洗衣机电视机沙发茶几床衣柜包物业费900,3,2,90,整租,900,zhongmou
上汽宇通鸿泰物流旁精装单间家电齐全拎包入住,3,1,25,合租,450,zhongmou
简单装修 空调洗衣机都有 性价比很高 周边生活便利,2,2,94.5,整租,500,zhongmou
星城国际东苑精装修品质房出租,2,1,92,整租,800,zhongmou
李湖桥社区有厨房可做饭，临近丹尼斯，象湖南路，岗李新村123,3,2,18,合租,500,zhongmou
精装单间带飘窗家电齐全拎包入住,3,1,25,合租,450,zhongmou
锦龙花园精装两室一厅京东亚一海澳旁押一付一随时看房,2,1,60,整租,1000,zhongmou
急租，清华园，电梯房两室，有暖气，家具家电齐全，拎包入住。,2,2,83,整租,1100,zhongmou
创新学校普洛斯京东亚一主卧次卧家电齐全民用水电燃气干净月付,4,1,25,合租,400,zhongmou
宇培德邦普洛斯创新学校极兔速递物流园附近精装主卧次卧家电齐全,3,1,28,合租,420,zhongmou
上汽宇通旁精装单间家电齐全拎包入住,3,2,20,合租,450,zhongmou
急租，尚东庭，精装大两室，家具家电齐全，拎包入住，随时可看。,2,2,80,整租,1000,zhongmou
急租东方润景精装两室带暖气出租，家具家电齐全，拎包入住,2,2,84,整租,1400,zhongmou
象湖100金悦园 一室一厅一卫 临近阿里巴巴 艺术学院 郑铁,1,1,40,整租,840,zhongmou
锦绣花园小区，京东物流园旁找爱干净的住户，精装修高质量合租房,3,1,20,合租,450,zhongmou
白沙片区，精装修，两室一厅一厨一卫电梯好房，领包入住,2,1,65,整租,750,zhongmou
锦程花园二号院精装修，家电齐全，随时看房，南北通透，交通便利,3,1,28,合租,450,zhongmou
急租东润郎郡洋房两室两厅出租，拎包入住,2,2,82,整租,1300,zhongmou
新人民医院对面，路劲国际城三室精装修拎包入住，有钥匙，随时看,3,2,123,整租,1250,zhongmou
象湖100 loft 复试  一室一厅 有色地质家园A区,2,2,38,合租,900,zhongmou
尚景华园，两室一厅，全屋定制，龙子湖，太格茂，时光里，,2,1,75,整租,1300,zhongmou
水岸鑫城 1室 电梯房 精装修 31平,1,0,31,整租,1000,zhongmou
尚景华园 精装两室 房东直租 郑开大道 象湖 双气 无中介费,2,1,80,整租,1300,zhongmou
悦湖会 3室2厅1卫 配套齐全 电梯房 113平,3,2,113,整租,1500,zhongmou
东方润景 两室精装修 电梯房 配套齐全 拎包入住，随时看房,2,2,84,整租,1400,zhongmou
龙子湖郑开大道上精装两室，双气已通，带车位。电梯房环境好,2,1,75,整租,1200,zhongmou
栖瑞家园，精装两室一厅出租，金庚，阜外医院，郑开中学旁,2,1,65,整租,1100,zhongmou
温馨两室带暖气，好楼层，业主急租，价位好谈，看房方便,2,2,87,整租,1400,zhongmou
李湖桥社区精装两室一厅出租，家电齐全，可短租，可压一付一！！,2,1,65,整租,1100,zhongmou
次卧合租德邦普洛斯物流园附近三室精装修家电齐全拎包入住押一付,3,1,15,合租,400,zhongmou
九龙新城精装主卧带阳台朝南宇通上汽九龙镇旁押一付一随时看房,3,1,30,合租,600,zhongmou
郑东新区精装二室一厅出租南北通透家电齐全干净整洁拎包入住随时,2,1,65,整租,1100,zhongmou
纯南户 丹尼斯二天地 精装修两室两厅一卫 可以随时看房,2,2,75,整租,1000,zhongmou
美盛象湖100金悦园1室1厅1卫精装修家具齐全临近阿里设研院,1,1,38,整租,850,zhongmou
水岸鑫城精装修三室，拎包入住干净温馨，随时看房,3,2,65,整租,1000,zhongmou
七里香溪 双气小两房 简单明亮 临商都路出行方便 好停车,2,2,70,整租,700,zhongmou
锦程花园二期精装修出租，家电齐全，南北通透，干净整洁！！！！,2,1,65,整租,1100,zhongmou
温馨两室好楼层业主急租价位好谈，看房方便,2,2,90,整租,900,zhongmou
精装温馨两室 落地阳台光线充足 南北通透 车库免费停车,2,1,75,整租,1300,zhongmou
800一个月，可居住，可办公，临商超电影院，出行方便，随时看,1,1,38,整租,800,zhongmou
美盛象湖100金悦园，交通便利，环境好,2,1,28,整租,1250,zhongmou
德邦物流园旁边精装单间出租南北通透家电齐全干净整洁随时看房子,3,1,28,合租,420,zhongmou
房东直租 尚景华园两居 家电家具半天 可配齐 随时看房,2,1,75,整租,1200,zhongmou
和房东签合同没有中介费 全新家具家电 出租,3,2,113,整租,1700,zhongmou
雅居乐95平精装三居室 月租2200拎包入住 看房随时 可谈,3,2,95,整租,2200,zhongmou
郑东新区 地铁口锦绣家园两房出租，价格便宜 看房方便领包入住,2,2,89,整租,650,zhongmou
精装单间家电齐全欢迎爱干净人士入住,3,2,20,合租,450,zhongmou
南熙福邸单间出租，紧邻伟业国际 财政金融学院,3,2,25,合租,500,zhongmou
优！郑东新区高铁站 北龙子湖商业圈 商都嘉园 电子商务大厦,2,1,75,整租,1200,zhongmou
优！郑东新区高铁站 北龙子湖商业圈 电子商务大厦,2,1,75,整租,1200,zhongmou
短租的房子来了  带地暖的小区  纯南两房简装家电家具齐全,2,2,91,整租,1000,zhongmou
东风路小学旁，两室精装修，拎包入住，干净温馨，有钥匙随时看房,2,2,90,整租,900,zhongmou
精装双气2室2厅，无中介，近象湖，地矿大厦，工商学院交通学院,2,2,68,整租,999,zhongmou
急租，东风路小学旁 2室2厅1卫 90平 电梯房 拎包入住,2,2,90,整租,900,zhongmou
上东城 芦医庙大街 尚景华园三室两厅一卫出租 精装修免中介,3,2,112,整租,1300,zhongmou
美盛象湖100金悦园 1室1厅1卫精装修 家电齐全 拎包入住,1,1,38,整租,840,zhongmou
急租，900元，两室，暖气房，水岸鑫城，南北通透，家电齐全,2,2,96,整租,900,zhongmou
李湖桥社区精装修房子出租家电齐全南北通透房间干净整洁随时看房,2,1,65,整租,1100,zhongmou
精装暖气2室2厅，无中介，近象湖，地矿大厦，艺术学院工商学院,2,2,56,整租,999,zhongmou
急租，世纪城，两室两厅一卫，有暖气，家具家电齐全，拎包住,2,2,95,整租,1000,zhongmou
东风路小学旁，两室精装修，拎包入住，干净温馨，有钥匙随时看房,2,2,90,整租,900,zhongmou
美盛象湖100金悦园1室1厅1卫 精装修家具家电齐全拎包入住,1,1,28,整租,790,zhongmou
朝南落地窗 上东城 芦医庙大街  通风已做 甲醛已除无中介,3,2,112,整租,1300,zhongmou
美盛象湖100金悦园 2室1厅1卫精装修家具家电齐全拎包入住,2,1,30,整租,1150,zhongmou
美盛象湖100金悦园2室1厅1卫 精装修家具家电齐全拎包入住,2,1,38,整租,1450,zhongmou
美盛象湖100金悦园 1室1厅1卫 配套齐全 拎包入住,1,1,40,整租,850,zhongmou
美盛象湖100金悦园 1室1厅1卫 精装修公寓 拎包入住,1,1,40,整租,850,zhongmou
南熙福邸 3室2厅2卫 配套齐全 精装修家具家电齐全拎包入住,3,2,30,合租,800,zhongmou
带暖气小三房  简单装修  家电家具齐全  拎包入住,3,1,93.6,整租,1000,zhongmou
美盛象湖100金悦园 1室1厅1卫精装修家具家电齐全拎包入住,1,1,38,整租,870,zhongmou
上新  新悦城纯南大两室  精装家电家具齐全  拎包入住,2,1,77,整租,1200,zhongmou
700一个月，三台空调，冰箱洗衣机全齐，有钥匙随时看房子,2,2,92,整租,700,zhongmou
德邦物流园附近精装修房子出租大主卧家电齐全随时看房可拎包入住,3,1,29,合租,450,zhongmou
锦程花园精装主卧出租家电齐全南北通透带大阳台随时联系看房就可,3,1,28,合租,410,zhongmou
郑东新区李湖桥社区，主卧大阳台，找爱干净的合租，可短租,3,1,27,合租,550,zhongmou
普洛斯物流园附近精装主卧出租南北通透干净整洁带大阳台房间朝阳,3,1,26,合租,410,zhongmou
高铁站附近尚景华园整租三房，精装修家具家电齐全，拎包入住！,3,2,113,整租,1500,zhongmou
一楼带院，三室两厅，采光好，领包入住，看房方便,3,2,89,整租,850,zhongmou
宇通上汽鸿泰物流旁次卧精装修干净整洁停车方便押一付一拎包入住,3,1,25,合租,450,zhongmou
锦祥福园精装上汽宇通旁家电齐全拎包入住押一付一拎包干净整洁,2,1,60,整租,1100,zhongmou
白坟幸福家园 李湖巧社区 岗李一号院 美好生活广场 无中介费,3,2,130,整租,1600,zhongmou
锦祥福园次卧家具齐全精装精干净整洁宇通上汽旁押一付一拎包入住,3,1,20,合租,450,zhongmou
盛世通达两室精装修，拎包入住干净温馨，采光好，随时看房,2,2,90,整租,900,zhongmou
新县城一室精装修，拎包入住干净温馨，随时看房,1,1,34.4,整租,800,zhongmou
急租，水岸鑫城，温馨一室，卧室朝南，采光好，拎包入住。,1,1,47.9,整租,800,zhongmou
锦程花园二号院精装单间出租，家电齐全，南北通透，24小时热水,3,1,25,合租,410,zhongmou
大雍嘉苑 两室一厅 精装朝阳 押一付一无中介 可做饭家电齐,2,1,65,整租,1000,zhongmou
急租电梯房，一室800精装，水岸鑫城，家具家电齐全，拎包入住,1,1,47.9,整租,800,zhongmou
急租，盛世通达 2室2厅1卫 家具家电齐全，拎包入住随时看房,2,2,90,整租,900,zhongmou
锦程花园二期精装修出租，家电齐全，南北通透，干净整洁！！！！,2,1,65,整租,1100,zhongmou
新上好房 路劲干净整洁大三房 拎包入住 明亮舒适,3,2,123,整租,1200,zhongmou
工商学院艺术职业学院鲲鹏软件附近精装修两室一厅拎包入住无中介,2,1,65,整租,1100,zhongmou
天一专升本附近精装二室一厅出租出租南北通透家电齐全随时看,2,1,65,整租,1100,zhongmou
锦祥福园主卧独卫精装修干净宽敞宇通上汽旁押一付一拎包入住,3,1,30,合租,500,zhongmou
双气 和房东签合同没有中介费 南北通透 落地阳台采光好,3,2,113,整租,1500,zhongmou
急租，尚东庭，精装大两室，家具家电齐全，拎包入住，随时可看。,2,2,80,整租,1000,zhongmou
东风路小学对面清华园，两室暖气房，干净温馨拎包入住，随时看房,2,2,83,整租,1100,zhongmou
锦绣花园精装主卧带阳台朝阳空间大京东亚一旁押一付一随时看房,3,1,25,合租,450,zhongmou
南熙福邸 伟业象湖弯 丹尼斯 河南测绘 财政金融 三室合租,3,2,30,合租,750,zhongmou
象湖100 一室一厅一卫 标间 网红loft 可押一付一,1,1,28,整租,750,zhongmou
锦程花园两房出租，看房方便，随时看房,2,1,60,整租,900,zhongmou
有车位 全天采光 无遮挡 干净卫生 新装修,2,2,60,整租,900,zhongmou
雅居乐 93平精装三房 拎包入住 月租2150 业主诚租,3,2,93,整租,2150,zhongmou
急租，绿博半岛，精装干净三室，家具家电齐全，拎包入住。,3,2,144,整租,1200,zhongmou
急租，清华园，电梯房两室，有暖气，家具家电齐全，拎包入住。,2,2,83,整租,1100,zhongmou
锦祥花园精装单间家电齐全欢迎爱干净人士入住,2,1,25,合租,500,zhongmou
东贾社区精装次卧带阳台鸿泰上汽九龙镇旁可押一付一随时看房,3,1,20,合租,450,zhongmou
房源采光好，南北通透，业主诚意出,3,2,89,整租,1200,zhongmou
普洛斯德邦物流园旁精装修三室一厅家具家电齐全拎包入住无中介费,3,1,25,合租,399,zhongmou
新悦城公寓出租，干净温馨，诚心出租,1,1,55,整租,1000,zhongmou
急租，泰安馨苑，精装大两室，电梯房，家具家电齐全，拎包入住。,2,2,96.4,整租,1000,zhongmou
急租，东方润景，一室房子，家电齐全，拎包入住,1,1,41,整租,1000,zhongmou
康庄洁具市场大数据中心埠外医院奔驰4S中升之星主卧次卧拎包住,4,1,25,合租,400,zhongmou
东贾社区精装次卧，家电家具齐全拎包入住，可短租，可押一付一！,3,1,29,合租,480,zhongmou
白沙镇近购物中心商都路前程大道精装主卧次卧家电齐全民用水电,4,1,28,合租,400,zhongmou
家具可配！有空调 洗衣机！商都路人民医院旁  临公园学校,2,2,90,整租,700,zhongmou
全天采光！2房随时入住！商都路人民医院旁  临学校 公园,2,2,90.5,整租,800,zhongmou
锦程花园二号院精装修，家电齐全，随时看房，南北通透，交通便利,3,1,28,合租,450,zhongmou
锦程花园二期，精装两室一厅出租，德邦物流，普洛斯物流园附近,2,1,65,整租,1100,zhongmou
[合租]宇培物流园，普洛斯物流园，华丰物流园附近，家电齐全，,2,1,65,整租,1000,zhongmou
急租，三院对面，精装大两房，家电齐全，拎包入住,2,2,96.4,整租,1000,zhongmou
1200月精装修两室，可居住可办公，家具家电齐全，随时看房子,2,1,77,整租,1200,zhongmou
东润城(二期璟园) 3室2厅 84平 精装修 南北通透,3,2,84.3,整租,1300,zhongmou
东润城二期  小三房出租 采光好 随时看房,3,2,83.7,整租,1000,zhongmou
象湖100金悦园，随时看房，拎包入住，临近阿里巴巴，艺术学院,1,1,40,整租,870,zhongmou
宇通德邦普洛斯旁精装合租家电齐全拎包入住,3,1,20,合租,450,zhongmou
三小对面，世祥花园两室，精装修，拎包入住，干净温馨，随时看房,2,2,90,整租,1000,zhongmou
锦绣花园精美单间出租！无中介费押一付一近亚洲第一沧普洛斯,3,1,26,合租,399,zhongmou
急租，东润朗郡 2室2厅1卫 精装修 电梯房 随时看房拎包住,2,2,87,整租,1300,zhongmou
精装两室家电齐全，无中介费。放心看房！,2,1,60,整租,1000,zhongmou
宇培物流园，普洛斯物流园附近小区电梯房出租，家电齐全领包入住,2,1,60,整租,1000,zhongmou
星城国际东苑精装修房,2,1,85,整租,700,zhongmou
象湖100 河南工商学院 电大 交通学院 阿里巴巴,2,2,28,合租,740,zhongmou
龙子湖大学旁 尚景华园精装两居 家电齐全 实图实价 随时看房,2,2,75,整租,1200,zhongmou
李湖桥社区精装修，南北通透，家电齐全，可压一付一，交通便利！,3,1,26,合租,450,zhongmou
象湖100金悦园，复式网红公寓，临近阿里巴巴，设研院。,2,2,38,合租,880,zhongmou
中牟郑庵万邦批发市场附近精装主卧独卫次卧 阳台拎包住民用水电,4,1,30,合租,400,zhongmou
象湖100一室一厅，临近阿里巴巴，设研院，文化艺术，工商学院,1,1,28,整租,800,zhongmou
急租，富源花都 2室 领包入住，随时看房。精装修 99平,2,2,99,整租,1000,zhongmou
郑东新区 紫藤公馆四房两厅三卫精装修出租拎包入住看房方便,4,2,168,整租,5900,zhongmou
精装2房！家具家电齐全！商都路人民医院旁 临公园 学校,2,2,90,整租,900,zhongmou
宇通上汽 九龙镇旁 精装主卧 可做饭 家电齐全，押一付一,3,1,25,合租,450,zhongmou
上汽工厂附近精装单间出租南北通透干净整洁房间带飘窗随时看房子,3,1,28,合租,480,zhongmou
京东物流园附近精装单间出租南北通透干净整洁家电齐全拎包入住。,3,1,26,合租,450,zhongmou
精装随时看房，南北通透，出租，非常干净,3,2,105,整租,1600,zhongmou
盛和社区精美大单间！无中介费押一付一精装带大阳台拎包入住,4,1,30,合租,410,zhongmou
豫兴家园二号院主卧独卫朝南向阳空调冰箱洗衣机家电齐全应有尽有,4,1,28,合租,400,zhongmou
龙子湖象湖大学城东四环单间出租,3,2,25,合租,500,zhongmou
普洛斯物流园附近精装主卧出租南北通透干净整洁带大阳台房间朝阳,3,1,26,合租,410,zhongmou
京东物流园附近精装单间出租南北通透干净整洁带大阳台随时看房子,3,1,28,合租,490,zhongmou
人和花园两室精装修，拎包入住干净温馨，随时看房,2,2,100,整租,850,zhongmou
可短租月付东四环龙子湖象湖大学城旁单间出租,3,2,30,合租,500,zhongmou
温馨两室带车位，好楼层业主急租价位好谈，看房方便,2,2,88.9,整租,1200,zhongmou
水岸鑫城 4室1厅2卫 82平 电梯房,4,1,82,整租,1000,zhongmou
急租。天骄名门 3室 领包入住，117平 精装修,3,2,117,整租,1000,zhongmou
象湖100金悦园，一室一厅一卫，随时看房，拎包入住,2,2,28,合租,800,zhongmou
大雍2号院精装单间家电齐全拎包入住,3,1,20,合租,500,zhongmou
急租沁园馨城带暖气三室两厅两卫出租，家具家电齐全，拎包入住,3,2,140,整租,1300,zhongmou
美盛象湖100金悦园，一室一厅，家具家电齐全，拎包入住,2,2,38,合租,900,zhongmou
新县城 电梯3房 急租 房间干净整洁,3,2,89,整租,850,zhongmou
永顺和园小区合租单间出租，小区环境好,4,1,22,合租,399,zhongmou
精装两室实图！真实图片价位可谈。家电齐全，欢迎入住。,2,1,65,整租,1100,zhongmou
豫兴家园精装二室一厅出租南北通透家电齐全拎包入住随时联系看房,2,1,70,整租,1200,zhongmou
房东直签无中介 郑州东站 北龙湖 阜外医院 精装2室 伶包入,2,1,65,整租,1000,zhongmou
高法院 两梯两户142平豪装三房 高层 月租2600带车位,3,2,142,整租,2600,zhongmou
整租一居室，家具家电齐全，美景美地麟洲，可月付,1,0,45,整租,800,zhongmou
保利罗兰香谷 3室2厅1卫 1500.0元 电梯房 精装修,3,2,90,整租,1500,zhongmou
路劲国际城 东边户 房间特别干净 3房1400月,3,2,116,整租,1400,zhongmou
锦祥福园小区合租单间出租，小区环境好，停车方便,3,1,30,合租,400,zhongmou
商都路旁 精装全齐 拎包入住 隔成小三室 生活配套齐全,2,2,91,整租,900,zhongmou
郑东新区尚景华园 整租两房 拎包入住，房东直租，无中介费。,2,2,75,整租,1200,zhongmou
中央花园合租找室友 主卧有厨房有客厅长短租都可,3,2,35,合租,600,zhongmou
精装修两室一厅，看房方便，随时入住,2,1,65,整租,650,zhongmou
房东直签 郑州东站 北龙湖 阜外医院 郑开大道 拎包入住,2,1,65,整租,1000,zhongmou
南熙福邸全女生合租 主卧独卫单间出租无中介费,3,2,45,合租,800,zhongmou
东方润景，绿化环境好,3,2,122,整租,1300,zhongmou
白沙富士康，大雍嘉苑精致小标间，房租可月付，配套齐全随时看房,3,1,15,合租,399,zhongmou
急租水岸鑫城 1室 电梯房 精装修 家具家电齐全随时看房,1,1,34,整租,800,zhongmou
锦程花园二期 单间出租精装修 家具家电齐全，拎包入住随时看房,4,1,20,合租,400,zhongmou
象湖100一室一厅一卫公寓出租 无中介费,1,1,28,整租,800,zhongmou
房东直租无中介费，郑东新区尚景华园整租两室，精装拎包入住！,2,1,75,整租,1200,zhongmou
精装两室 双气 家电齐全 近湖心岛 象湖 无中介费 郑开大道,2,2,85,整租,1200,zhongmou
万三路旁 简单干净两房 700月拎包住 品牌家电,2,2,87.7,整租,700,zhongmou
急租，锦绣花园，中牟二初中南，家具家电齐全，拎包入住，随时看,3,2,88,整租,1000,zhongmou
万科溪望 3室2厅1卫 1500.0元 电梯房 精装修,3,2,93.9,整租,1500,zhongmou
豫兴家园精美大单间！无中介费押一付一近工商学院旅游小破街,4,1,30,合租,400,zhongmou
栖瑞家苑精装两室一厅出租，家电齐全，出租，可以短租！！！,2,1,65,整租,1100,zhongmou
上汽 宇通附近锦祥花园精装修拎包入住,2,1,60,整租,1100,zhongmou
豫兴家院四号院精装修家电齐全干净整洁郑铁郑旅押一付一拎包入住,2,1,60,整租,900,zhongmou
锦绣花园次卧精装精壁柜干净整洁京东普罗斯旁押一付一拎包入住,3,1,20,合租,400,zhongmou
锦绣花园精装次卧带飘窗朝南京东亚一旁押一付一随时看房,3,1,20,合租,450,zhongmou
急租，一室精装600，祥和商都名家，步梯中层，随时看房,1,1,50,整租,600,zhongmou
李湖桥社区精装修两室一厅出租，家电齐全，可短租，可压一付一！,2,1,65,整租,1100,zhongmou
豫兴家苑6号院精装主卧带飘窗工商学院郑铁郑旅旁可押一付一,3,1,25,合租,450,zhongmou
锦程花园精装单间家电齐全欢迎爱干净人员入住,3,1,20,合租,450,zhongmou
宇培物流园，普洛斯物流园，华丰物流园附近，家电齐全，拎包入住,2,1,65,整租,1000,zhongmou
宇培物流园附近精装修房子南北通透房间干净整洁舒适可以随时看房,2,1,65,整租,1100,zhongmou
急租，世纪城 3室2厅1卫 精装修 电梯房 带地暖，拎包入住,3,2,107,整租,1100,zhongmou
商都路祥和商都名家一室精装修，拎包入住干净温馨，随时看房,1,1,50,整租,600,zhongmou
急租，世纪城，两室暖气费，家电齐全，拎包入住,2,2,95,整租,1000,zhongmou
急租，世纪城，精装大两室，有暖气，拎包入住，随时可看。,2,2,95,整租,1000,zhongmou
中央花园(中牟) 3室2厅2卫 精装修家具家电齐全拎包入住,3,2,35,合租,700,zhongmou
锦祥福园东贾社区精装主卧带独卫鸿泰上汽九龙镇押一付一随时看房,3,2,30,合租,500,zhongmou
美盛象湖100金悦园 1室1厅1卫精装修家具家电齐全拎包入住,1,1,28,整租,800,zhongmou
美盛象湖100金悦园 精装修公寓 家具家电齐全 拎包入住,1,1,28,整租,800,zhongmou
栖瑞家苑，两室一厅精装修出租，拎包入住，金庚医院阜外医院附近,2,1,65,整租,1100,zhongmou
900一个月，家具家电全齐，房子干净，拎包入住，随时看房,2,2,93,整租,900,zhongmou
普洛斯物流园附近精装修房子家电齐全随时看房随时入住房间干净整,3,1,29,合租,420,zhongmou
普洛斯德邦物流园旁精装修三室一厅家具家电齐全拎包入住无中介费,3,1,25,合租,399,zhongmou
合租李湖桥精装女生房，纯女生合租，无任何中介费,3,1,20,合租,500,zhongmou
上新  南北通透两房简装  配了新的床  新的沙发 第一次租,2,2,93,整租,900,zhongmou
工商学院，艺术职业学院鲲鹏软件附近，家电齐全随时看房拎包入住,2,1,70,整租,1200,zhongmou
主卧独卫带大阳台。精壮朝南无中介费女士优先家具家电齐全拎包入,3,1,26,合租,420,zhongmou
近万邦市场汽配城无中介费押一付一带阳台朝南精装可做饭,4,1,26,合租,400,zhongmou
急租，东方银座 1室 家电齐全，领包入住，精装修。 电梯房,1,1,34.4,整租,800,zhongmou
锦龙花园精装两室一厅京东亚一海澳旁押一付一随时看房拎包入住,2,1,60,整租,1000,zhongmou
郑东新区，栖瑞家园精装两室一厅出租，金庚，阜外，郑开中学旁,2,1,65,整租,1100,zhongmou
象湖100金悦园一室一厅一卫临近阿里巴巴设研院，河南艺术学院,1,1,38,整租,840,zhongmou
东润华景精装两房，家具家电齐全，拎包入住，看房效果好！！,2,2,88,整租,1100,zhongmou
西贾社区精装次卧宇通上汽九龙镇旁押一付一随时看房,3,1,15,合租,450,zhongmou
锦程花园二号院精装修，家电齐全，随时看房，南北通透，交通便利,3,1,28,合租,450,zhongmou
豫兴家园九号院 一室一厅一卫 包物业 包停车,1,1,65,整租,800,zhongmou
九龙新城次卧精装修干净整洁宇通上汽旁押一付一拎包入住,3,1,15,合租,500,zhongmou
东润城(二期璟园) 3室2厅1卫 1200.0元 电梯房,3,2,84.2,整租,1200,zhongmou
南熙福邸单间出租 朝南主卧采光好没有中介费,3,2,35,合租,610,zhongmou
急租 简装二房 业主配齐 屋里的家具家电 随时可看房,2,2,65,整租,750,zhongmou
锦程花园二期精装主卧出租，找爱干净的合租，德邦，普洛斯。,3,1,26,合租,460,zhongmou
[整租]工商学院，艺术职业学院鲲鹏软件附近，家电齐全随时看房,2,1,65,整租,1100,zhongmou
锦祥福园精装修干净舒适南北通透宇通上汽旁押一付一拎包入住,2,1,90,整租,1000,zhongmou
次卧合租九龙镇宇通上汽旁家电齐全拎包入住押一付一随时看房,3,1,15,合租,500,zhongmou
急租，清华园，电梯房两室，有暖气，家具家电齐全，拎包入住。,2,2,83,整租,1100,zhongmou
象湖100金悦园一室一厅一卫 临近阿里巴巴设研院，艺术学院,1,1,28,整租,800,zhongmou
南熙俯邸主卧带阳台，家电齐全，临近丹尼斯市场，财政金融学院,3,2,20,合租,600,zhongmou
精装两室一厅，拎包入住无中介费可短租可押一付一近象湖地矿大厦,2,1,65,整租,1100,zhongmou
锦绣花园京东近朝阳可短租可做饭有热水押一付一价格低家电齐,3,1,28,合租,399,zhongmou
京东亚一仓库附近小区合租单间出租，小区环境好，停车方便,3,1,28,合租,400,zhongmou
急租，壹号公园，两室，家电齐全，拎包入住,2,2,88.9,整租,1200,zhongmou
德邦 九州附近锦程花园精装修拎包入住,3,2,20,合租,480,zhongmou
东润城(二期璟园) 3室2厅1卫 1200.0元 电梯房,3,2,84.2,整租,1200,zhongmou
象湖100金悦园 38平一室一厅一卫 艺术学院 交通学院,1,1,38,整租,850,zhongmou
象湖100金悦园1室1厅1卫公寓出租 没有中介费,1,1,28,整租,800,zhongmou
东方润景 两室精装修 电梯房 配套齐全 拎包入住，随时看房,2,2,84,整租,1400,zhongmou
人和花园两室精装修，拎包入住干净温馨，随时看房,2,2,100,整租,850,zhongmou
急租，绿博半岛，精装干净三室，家具家电齐全，拎包入住。,3,2,144,整租,1200,zhongmou
锦程花园精装主卧出租家电齐全南北通透带大阳台随时联系看房就可,3,1,28,合租,410,zhongmou
白沙片区，精装修一室一厅一厨一卫，家具家电齐全，领包入住,1,1,45,整租,600,zhongmou
免物业费 新房出租 家电家具齐全 拎包入住  干净整洁,3,2,90,整租,1000,zhongmou
家具可配！有空调 洗衣机！商都路人民医院旁  临公园学校,2,2,90,整租,700,zhongmou
九龙新城主卧精装修带阳台宽敞宇通上汽旁押一付一拎包入住,3,1,30,合租,600,zhongmou
豫兴家园主卧独卫经典欧式风格独立卫浴家电齐全领包入住,4,1,32,合租,400,zhongmou
中牟白沙前程大道商都大道富士康康庄洁具市场二手市场附近精装修,4,1,25,合租,400,zhongmou
急租，东方润景，一室房子，家电齐全，拎包入住,1,1,41,整租,1000,zhongmou
急租全新装修，水岸鑫城，三室两厅两卫，1200精装，拎包入住,3,2,79,整租,1200,zhongmou
李湖桥社区精装修出租，交通便利，家电齐全，南北通透，干净整洁,2,1,75,整租,1100,zhongmou
急租，三院对面，精装大两房，家电齐全，拎包入住,2,2,96.4,整租,1000,zhongmou
京东物流园附近精装单间出租南北通透干净整洁家电齐全拎包入住。,3,1,20,合租,450,zhongmou
中央花园三室两厅一卫出租，南北通透,3,2,95,整租,1300,zhongmou
急租，蓝山溪语，三室，观景房，家电齐全，拎包入住，不容错过,3,2,89,整租,1350,zhongmou
免物业费！新房出租！超干净3房！路劲国际城临学校,3,2,90,整租,1000,zhongmou
急租，世祥花园，紧邻新圃街小学，电梯房两室，采光好拎包入住。,2,2,90,整租,1000,zhongmou
急租，世祥花园，紧邻新圃街小学，电梯房两室，采光好拎包入住。,2,2,90,整租,1000,zhongmou
急租，中茂新悦城 1室 领包入住，随时看房 精装修 电梯房,1,0,32,整租,800,zhongmou
高庄社区主卧独卫朝南向阳独立阳台家电齐全领包入住可月付可短租,5,1,35,合租,400,zhongmou
锦程花园一号院精装修，家电齐全，出租，可压一付一！！！！,2,1,60,整租,1100,zhongmou
急租水岸鑫城 1室 电梯房 精装修 家具家电齐全随时看房,1,1,34,整租,800,zhongmou
美盛象湖100网红公寓，房子干净，有密码，随时看房,2,1,31,整租,1200,zhongmou
锦祥花园旁上汽宇通甲乙丙丁精装两室拎包入住,2,1,90,整租,1000,zhongmou
象湖100 地矿科技产业园 交通设计研究院 河南艺术学院,2,2,28,合租,740,zhongmou
盛和社区 万邦很近 民用水电 可短租 押一付一 无中介家电齐,4,1,26,合租,420,zhongmou
锦程花园一期精装修拎包入住，德邦物流普洛斯物流园附近，爱干净,3,2,23,合租,450,zhongmou
美盛象湖100金悦园1号楼两室一厅出租,2,1,38,整租,1200,zhongmou
急租，富源花都 2室2厅1卫 精装修 家具家电齐全随时看房,2,2,99,整租,1000,zhongmou
阜外医院附近精装二室一厅出租家电齐全拎包入住干净整洁随时看房,2,1,75,整租,1100,zhongmou
李湖桥社区，交通便利，家电齐全，24小时热水，随时看房！！！,2,1,75,整租,1100,zhongmou
房东直签 郑州东站 阜外医院 北龙湖 郑开大道 拎包入住,2,1,65,整租,1100,zhongmou
金盛象湖100金悦园精装出租,2,1,31,整租,1000,zhongmou
郑东新区尚景华园整租两房精装，拎包入住，房东直租。,2,2,75,整租,1300,zhongmou
近白沙。莆田地铁口。洁具市场。二手1。无中介费押一付一家具齐,2,1,65,整租,999,zhongmou
东四环龙子湖象湖附近阳台单间出租,3,2,35,合租,600,zhongmou
九龙镇甲乙丙丁物流上汽第二附属医院附近精装主卧 次卧 拎包住,4,1,30,合租,400,zhongmou
帝华宏府   简装两房  干净齐全  交三押一  价位可谈,2,2,88.7,整租,900,zhongmou
实图实价定制衣柜 和房东签合同 没有中介费 免费停车,2,1,75,整租,1200,zhongmou
中牟白沙富士康对面近康庄洁具市场二手市场白沙商都路拎包入住,4,1,26,合租,420,zhongmou
锦程花园精装主卧出租家电齐全南北通透带大阳台随时联系看房就可,3,1,28,合租,410,zhongmou
德邦物流园附近精装主卧独卫出租南北通透干净整洁带阳台随时看房,3,1,29,合租,480,zhongmou
上新  精装大三房  四台空调  带地下停车库  交三押一,3,2,120.6,整租,1300,zhongmou
1100租万邦南精装复式大一房，楼上楼下，家具家电齐全拎包住,1,1,40,整租,1100,zhongmou
急租，世纪城，温馨大两室，采光好，免物业费，随时可看房。,2,2,90,整租,1000,zhongmou
象湖100金悦园1室1厅1卫公寓出租 可短租,1,1,28,整租,800,zhongmou
滨河二期一室一厅租金1000紧邻厂区随时看房拎包入住,1,1,60,整租,1000,zhongmou
650可午万邦南精装大一室一厅，家具家电齐全，拎包入住可月付,1,1,20,整租,650,zhongmou
万邦家园朝阳大阳台可做饭押一付一家电齐全,3,1,30,合租,450,zhongmou
万邦家园精美大单间！无中介费押一付一近万邦市场汽配城,3,1,26,合租,500,zhongmou
万邦傍星城国际空调，冰箱，整体衣柜，床，沙发，月租金600元,2,2,82,整租,600,zhongmou
南北通透，大两房，采光好，两室两厅，空间大,2,2,90,整租,700,zhongmou
500租万邦附近，房租可月付，随时看房，,1,1,20,整租,500,zhongmou
房东急租 尚景华苑 郑开大道 象湖附近 无杂费,2,2,75,整租,1300,zhongmou
万邦批发市场附近精装次卧便宜出租月付随时看房拎包入住无中介费,4,1,20,合租,400,zhongmou
郑东新区东四环郑开大道 尚东城 龙子湖 东站附近,2,1,75,整租,1200,zhongmou
李湖桥社区合租单间出租，小区环境好,3,1,20,合租,450,zhongmou
康庄洁具市场附近精装修家具家电随时看房拎包入住无中介费,4,1,20,合租,390,zhongmou
中央花园 卫浴建材市场 三室两厅两卫合租 无中介费,3,2,25,合租,500,zhongmou
尚景华园，两室一厅精装朝南户型，财经政法大学，市体育中心,2,1,75,整租,1300,zhongmou
宇通上汽 中铁附近 九龙新城主卧带阳台，采光好，配套齐全干净,3,1,30,合租,500,zhongmou
急租汉旺博翠苑两室的，房租便宜，看房方便,2,2,90,整租,800,zhongmou
京东亚一附近锦绣花园精装修家具家电可洗澡月付随时看房拎包入住,4,1,25,合租,399,zhongmou
象湖1001室1厅1卫公寓 家具电齐全 无中介费,1,1,28,整租,800,zhongmou
双气精装修，有地暖中央空调，诚心出租,3,2,112.7,整租,1800,zhongmou
锦程花园精美大单间！无中介费押一付一近宇培得帮极兔九州通,4,1,26,合租,360,zhongmou
900一个月，南北通透两室，空调冰箱洗衣机全齐，随时看房子,2,2,93,整租,900,zhongmou
锦程花园二期精装普洛斯宇培旁家电齐全拎包入住押一付一,2,1,60,整租,1000,zhongmou
美盛象湖100一室一厅一卫，精装修，随时看房，拎包入住,1,1,40,整租,850,zhongmou
急租，水岸鑫城，新装修，拎包入住，采光好，随时可看房。,3,2,79,整租,1200,zhongmou
伟业国际，物流通道旁，郑东新区，李湖桥社区，精装两室一厅出租,2,1,65,整租,1100,zhongmou
中建翰林院，地矿职业学院，亨泽物流园附近，家电齐全，拎包入住,2,1,65,整租,1000,zhongmou
免物业费！新房出租！超干净3房！路劲国际城临学校,3,2,90,整租,1000,zhongmou
铝型材物流园，玉溪中学，大数据中心附近，家电齐全，拎包入住，,2,1,75,整租,1000,zhongmou
创新学校普洛斯京东亚一家电齐全拎包入住押一付一交通便利,2,1,60,整租,1000,zhongmou
尚景华园新小区两室一厅 紧靠郑开大道 上东城 无中介随时看房,2,1,79,整租,1199,zhongmou
大雍一号院两室一厅整租近富士康家电齐全，拎包入住押一付一,2,1,65,整租,900,zhongmou
普洛斯德邦物流园附近精装二室一厅出租南北通透家电齐全拎包入住,2,1,65,整租,1100,zhongmou
精装单间带飘窗家电齐全可押一付一拎包入住,3,2,20,合租,450,zhongmou
近九龙镇宇通海尔上汽甲乙丙丁物流！无中介费押一付一家具家电齐,4,1,20,合租,360,zhongmou
无中介费，押一付一近白沙，莆田地铁口。洁具市场富士康对面,2,1,65,整租,999,zhongmou
商都路附近大雍嘉园小区两室一厅对外出租，小区环境好,2,1,65,整租,1000,zhongmou
世纪城两室精装修，拎包入住，干净温馨，采光好，随时看房,2,2,95,整租,1000,zhongmou
急租，祥和商都名家 1室，随时看房， 精装修 领包入住。,1,1,50,整租,600,zhongmou
急租，潘家苑 2室 领包入住，电梯房 90平 精装修,2,2,98,整租,850,zhongmou
美盛象湖一百金悦园精装修一室一厅 临近设研院 阿里 河艺,1,1,28,整租,800,zhongmou
美盛象湖100金悦园 1室1厅1卫精装修家具家电齐全拎包入住,1,1,40,整租,900,zhongmou
美盛象湖100金悦园 1室1厅1卫 35平精装修家具家电齐全,1,1,30,整租,800,zhongmou
美盛象湖100金悦园一室一厅一卫精装修 家具家电齐全拎包入住,1,1,40,整租,850,zhongmou
近亚洲第一沧普洛斯宇培极兔等物流园！无中介费押一付一家具家电,4,1,26,合租,399,zhongmou
高铁站附近尚景华园整租两房精装齐全拎包入住，房东直租,2,2,75,整租,1300,zhongmou
郑东新区高铁站尚景和园带暖气 天然气  和房东签合同,3,2,113,整租,1500,zhongmou
锦程花园二期客厅精装普洛斯宇培旁家电齐全拎包入住押一付一,2,1,20,合租,500,zhongmou
锦祥福园东贾社区精装两室一厅鸿泰上汽九龙镇旁押一付一随时看房,2,1,60,整租,1100,zhongmou
宇通上汽 中铁装备 附近 锦凤花园 精装单间合租  配套齐全,3,1,15,合租,450,zhongmou
象湖100金悦园两室两厅两卫，家电齐全，拎包入住，无中介费。,2,2,40,合租,850,zhongmou
送岸鑫城一室精装修，拎包入住，干净温馨，随时看房,1,1,35,整租,600,zhongmou
李湖桥单间出租 精装修无中介费随时可入住,3,2,25,合租,500,zhongmou
大雍嘉苑2号院精装次卧白沙富士康旁押一付一随时看房,3,1,15,合租,399,zhongmou
锦祥花园精美大单间无中介费押一付一近医院甲乙丙丁物流,4,1,28,合租,380,zhongmou
李湖桥社区，交通便利，家电齐全，24小时热水，随时看房！！！,2,1,75,整租,1100,zhongmou
象湖100 一室一厅一卫 地矿科技园 交通设计研究院,1,1,38,整租,840,zhongmou
京东物流园附近精装单间出租南北通透干净整洁家电齐全拎包入住。,3,1,26,合租,450,zhongmou
盛和社区 万邦很近 附近都住这里 押一付一 无中介费家电齐全,4,1,26,合租,409,zhongmou
大雍三号院单间出租带卫生间阳台 长租短租押一付一 拎包入住,4,1,30,合租,420,zhongmou
急租，尚东庭，精装大两室，家具家电齐全，拎包入住，随时可看。,2,2,80,整租,1000,zhongmou
急租，壹号公园，两室，家电齐全，拎包入住,2,2,88.9,整租,1200,zhongmou
急租，清华园，电梯房两室，有暖气，家具家电齐全，拎包入住。,2,2,83,整租,1100,zhongmou
商都路大雍嘉苑合租单间，小区设施完善房间配套齐全，拎包入住,3,1,20,合租,400,zhongmou
普洛斯 京东 附近 锦龙花园 两室一厅整租  配套齐全，月付,2,1,60,整租,1000,zhongmou
没有中介费 和房东签合同 没有物业费 车库免费停车,2,1,75,整租,1200,zhongmou
象湖100金悦园两室一厅一卫临近工商学院，艺术学院，家电齐全,2,1,30,整租,1200,zhongmou
锦程花园2期精装次卧普洛斯德邦宇培旁押一付一拎包入住,3,1,15,合租,400,zhongmou
九龙新城精装次卧带小厨房阳台宇通上汽九龙镇旁押一付一随时看房,3,1,20,合租,450,zhongmou
宇通上汽中铁旁 九龙新城 精致小次卧 配套齐全 月付拎包入住,3,1,15,合租,450,zhongmou
李湖桥社区二室精装修出租，附近金庚阜外医院，大数据中心爱干净,2,1,75,整租,1100,zhongmou
锦程花园二期精装主卧出租，找爱干净的合租，德邦，普洛斯。,3,1,26,合租,460,zhongmou
九龙新城精装小次卧宇通上汽九龙镇旁可押一付一随时看房,3,1,15,合租,500,zhongmou
郑东新区白沙 锦绣家园三房出租 南北通透 价格可谈 看房方便,3,2,93,整租,700,zhongmou
象湖100金悦园2室1厅1卫LOFT公寓出租,2,1,30,整租,1200,zhongmou
锦程花园一号院精装出租，家电齐全，南北通透，交通便利！！！！,2,1,60,整租,1100,zhongmou
世纪城两室精装修，一个月1000干净温馨，有钥匙，随时看房,2,2,90,整租,1000,zhongmou
主卧合租白沙富士康康庄建材市场附近拎包入住押一付一无中介费,3,1,20,合租,500,zhongmou
急租，新人民医院旁，800精装一室，新悦城，商业中心随时看房,1,1,32,整租,800,zhongmou
急租，水岸鑫城，一室有暖气，拎包入住，随时可看房。,1,1,34,整租,600,zhongmou
锦祥福园精装单间出租南北通透家电齐全干净整洁拎包入住随时看房,3,1,28,合租,480,zhongmou
伟业国际 54平简装一室 月租1200 可用燃气 可看,1,1,54,整租,1200,zhongmou
免物业费！新房出租！超干净3房！路劲国际城临学校,3,2,90,整租,1000,zhongmou
锦程二号院精装二室一厅出租南北通透家电齐全房间朝阳随时看房子,2,1,65,整租,1100,zhongmou
白坟幸福家园，精装修朝北次卧，家电齐全，随时看房，拎包入住,3,2,20,合租,500,zhongmou
郑州经开物流园，郑州亚一物流园附近，家电齐全，拎包入住，,3,1,20,合租,500,zhongmou
锦绣花园精装修，家电齐全，南北通透，交通便利，24小时热水！,3,1,20,合租,450,zhongmou
急租，水岸鑫城，精装三室，南北通透，拎包入住，随时可看房。,3,2,75.6,整租,1000,zhongmou
前程嘉苑主卧独卫朝南带独立阳台家电齐全应有尽有领包入住可月付,4,1,35,合租,400,zhongmou
急租，水岸鑫城，精装三室，南北通透，拎包入住，随时可看房。,3,2,75.6,整租,1000,zhongmou
宇培物流园，普洛斯物流园，华丰物流园附近，家电齐全，拎包入,2,1,60,整租,1000,zhongmou
锦程花园一号院精装修，南北通透，家电齐全，交通便利可压一付一,2,1,60,整租,1100,zhongmou
急租，水岸鑫城，新装修，拎包入住，采光好，随时可看房。,3,2,79,整租,1200,zhongmou
锦程花园一期精装修家具家电齐全无中介费，周边普洛斯德邦物流园,2,1,60,整租,1000,zhongmou
美盛象湖100金悦园，网红公寓,2,1,38,整租,1200,zhongmou
京东物流园附近精装单间出租南北通透干净整洁家电齐全拎包入住。,3,1,26,合租,450,zhongmou
上汽工厂附近精装单间出租南北通透干净整洁房间带飘窗随时看房子,3,1,28,合租,480,zhongmou
李湖桥社区，交通便利，家电齐全，24小时热水，随时看房！！！,2,1,75,整租,1100,zhongmou
蓝山溪语 三室，精装修，拎包入住，随时看 配套齐全 电梯房,3,2,89,整租,1350,zhongmou
精装2房！家具家电齐全！商都路人民医院旁 临公园 学校,2,2,90,整租,900,zhongmou
东润城三期 大三房 家具家电齐全,3,2,113.4,整租,1500,zhongmou
新上好房 路劲干净整洁大三房 拎包入住 明亮舒适,3,2,123,整租,1200,zhongmou
伟业巴黎印象 电梯房 看房方便 750月,1,1,44,整租,750,zhongmou
象湖100金悦园一室一厅一卫，38平，随时看房，拎包入住。,2,2,38,整租,1450,zhongmou
宇通新能源 超亚产业园附近绿都上悦城 精装两室一厅 押一付一,2,1,90,整租,1200,zhongmou
碧桂园峯景 3室1厅1卫 1200.0元 电梯房 精装修,3,1,100,整租,1200,zhongmou
东方润景 1室1厅1卫 电梯房 南北通透 1000月拎包入住,1,1,41,整租,1000,zhongmou
郑东新区高铁站附近尚景华园 精装两房出租，家具家电齐全拎包入,2,2,75,整租,1200,zhongmou
整租一居室，拎包入住，南三环物流园旁，可短租可月付,1,0,45,整租,800,zhongmou
南熙俯邸，朝南主卧独卫。象湖南路尚景丹尼斯财政学院等,3,2,30,合租,850,zhongmou
东四环郑开大道 龙子湖旁 尚东城 客厅落地阳台 卧室飘窗,3,2,113,整租,1600,zhongmou
一初中旁，壹号公园两室精装修，拎包入住，带车位，有钥匙随时看,2,2,88.9,整租,1200,zhongmou
急租，壹号公园 2室2厅1卫 精装修  电梯房 带车位拎包住,2,2,88.9,整租,1200,zhongmou
郑东新区东四环龙子湖象湖大学城旁单间出租,3,2,35,合租,600,zhongmou
东润华景 114平大三房 家具家电齐全 随时看房,3,2,114,整租,1300,zhongmou
象湖100金悦园38平1室1厅1卫公寓出租 家具电器齐全,1,1,40,整租,850,zhongmou
象湖附近，岗李新村3号院温馨大次卧出租,5,0,25,合租,550,zhongmou
李湖桥社区 中升之星旁 精装朝南可做饭有热水押一付一无中介,4,1,30,合租,399,zhongmou
家具家电齐全，干净，随时看房,2,2,88,整租,1000,zhongmou
九龙镇上汽海尔安吉物流 郑大二附院 甲乙丙丁物流园随时看房,4,1,28,合租,380,zhongmou
豫兴家苑65平一室一厅整租，拎包住,1,1,65,整租,800,zhongmou
水岸鑫城四室精装修，带暖气一个月1000，有钥匙，随时看房,4,2,100,整租,1000,zhongmou
急租东方润景一室一厅精装出租，家具家电齐全，拎包入住,1,1,41,整租,1000,zhongmou
房东直租 高铁站附近精装两房 出租 家居家电齐全拎包入住,2,2,75,整租,1200,zhongmou
东润朗郡精装大两房业主诚心出租,2,2,90,整租,1100,zhongmou
象湖100金悦园 1室1厅1卫 网红公寓,1,1,28,整租,800,zhongmou
近莆田地铁口，白沙富士康。洁具市场。二手市场无中介费可月付,3,1,26,合租,399,zhongmou
万邦傍星城国际空调2台，冰箱，洗衣机，沙发，茶几床衣柜700,2,2,90.2,整租,850,zhongmou
锦龙花园小区合租单间，小区设施齐全,3,1,18,合租,420,zhongmou
急租，水岸鑫城，新装修，拎包入住，采光好，随时可看房。,3,2,79,整租,1200,zhongmou
郑东新区，郑开大道东四环，东站附近，尚景华园,2,1,75,整租,1200,zhongmou
埠外医院郑开大道郑汴物流通道之间东站职业学校康庄洁具市场附近,2,1,95,整租,1180,zhongmou
急租未来铭郡两室两厅一卫精装出租，家具家电齐全，拎包入住,2,2,88,整租,1100,zhongmou
实图实价，和房东签合同 没有中介费,3,2,112,整租,1700,zhongmou
无中介费，随时看房，拎包入住，家电齐全,1,1,38,整租,999,zhongmou
600一个月，新楼南北通透两室，简单装修，随时看房子。,3,1,97,整租,600,zhongmou
锦龙花园 普洛斯近 便宜 民用电有热水带空调押一付一家电齐,4,1,30,合租,399,zhongmou
德邦 九州附近精装两室拎包入住,2,1,60,整租,1000,zhongmou
急租，祥和商都名家 1室1厅1卫 步梯房，家具家电齐全,1,1,50,整租,600,zhongmou
信息统计技术学院附近小区精装房出租！家电齐全领包入住,2,1,70,整租,1200,zhongmou
豫兴4号院精装两室家电齐全可押一付一拎包入住,2,1,60,整租,999,zhongmou
栖瑞家苑两室一厅精装修房子出租家电齐全南北通透房间干净整洁！,2,1,65,整租,1100,zhongmou
郑开中学附近精装二室一厅南北通透干净整洁拎包入住随时联系看房,2,1,65,整租,1100,zhongmou
锦绣花园次卧精装京东旁家电齐全干净整洁拎包入住押一付一,2,1,20,合租,400,zhongmou
象湖精装修二室一厅，家电家具齐全，拎包入住可短租可押一付一！,2,1,65,整租,1100,zhongmou
郑信公园，铝型材物流园，玉溪中学附近，家电齐全，拎包入住，,2,1,75,整租,1000,zhongmou
[整租]宇培物流园，普洛斯物流园，华丰物流园附近，家电齐全，,4,1,90,合租,750,zhongmou
李湖桥社区精装修房子出租家电齐全南北通透房间干净整洁随时看房,2,1,65,整租,1100,zhongmou
李湖桥社区 3室1厅1卫 精装修电梯房 家具家电齐全拎包入住,3,1,25,合租,450,zhongmou
锦程花园二期精装修南北通透交通便利家电齐全拎包入住押一付一,3,1,20,合租,500,zhongmou
东四环龙子湖象湖附近单间出租,3,2,35,合租,600,zhongmou
主卧合租，普洛斯德邦附近三室精装修家电齐全拎包入住押一付一,3,1,25,合租,500,zhongmou
精装暖气2室2厅，无中介，近象湖，地矿大厦，艺术学院交通学院,2,2,56,整租,999,zhongmou
滨河花园简装一室1000，可短租 随时看房,1,1,60,整租,1000,zhongmou
郑东新区 实图实价和房东签合同没有中介费,2,1,75,整租,1300,zhongmou
锦程花园2期精装主卧带阳台朝阳普洛斯德邦旁押一付一随时看房,3,1,20,合租,500,zhongmou
大雍嘉园小区两室一厅出租，小区环境好，停车方便,2,1,65,整租,1000,zhongmou
新圃街对面，未来铭郡三室精装修，拎包入住干净温馨，随时看房,3,2,117,整租,1200,zhongmou
普洛斯德邦京东物流园附近精装两室一厅可短租可押一付一无中介费,2,1,65,整租,1100,zhongmou
急租，世纪城，两室精装，阳光房，1000，电梯中层，拎包入住,2,2,95,整租,1000,zhongmou
急租，潘家苑，两室，家电齐全，拎包入住,2,2,98,整租,850,zhongmou
美盛象湖100金悦园 1室1厅1卫精装修家具家电齐全拎包入住,1,1,30,整租,780,zhongmou
美盛象湖100金悦园 1室1厅1卫 配套齐全 拎包入住,1,1,38,整租,850,zhongmou
美盛象湖一百金悦园 1室1厅1卫出租 精装修临近阿里设研院,1,1,40,整租,850,zhongmou
美盛象湖100金悦园 1室1厅1卫精装修家具家电齐全拎包入住,1,1,38,整租,880,zhongmou
新上 可短租 干净整洁 新人民医院旁 可随时看房,2,2,93,整租,800,zhongmou
锦程花园一期精装修拎包入住，德邦物流普洛斯物流园附近，爱干净,3,2,23,合租,450,zhongmou
锦程花园二号院精装修，家电齐全，随时看房，南北通透，交通便利,3,1,28,合租,450,zhongmou
普洛斯德邦物流园附近精装二室一厅出租家电齐全南北通透随时看房,2,1,60,整租,1000,zhongmou
无中介费万邦万华伟比克电池汽车博览园附近精装两室拎包入住,2,1,45,整租,1100,zhongmou
白沙片区，精装两室一厅，家具家电齐全，领包入住,2,1,65,整租,750,zhongmou
锦祥福园客厅精装上汽宇通旁家电齐全拎包入住押一付一干净整洁,2,1,25,合租,500,zhongmou
整租一居室，可短租可月付，家具家电齐全，独立卫生间,1,0,35,整租,750,zhongmou
锦凤花园次卧精装修壁柜干净整洁宇通上汽旁押一付一拎包入住,3,1,15,合租,450,zhongmou
东风路小学对面，清华园步梯三室，拎包入住干净温馨，随时看房,3,2,120,整租,900,zhongmou
急租中央御景两室，干净温馨，拎包入住，采光好有钥匙，随时看房,2,2,80,整租,900,zhongmou
急租，路劲国际城 3室2厅2卫  精装修 电梯房 随时看房,3,2,116,整租,1400,zhongmou
急租，东方银座 1室1厅1卫  精装修 电梯房 拎包入住,1,1,34.4,整租,800,zhongmou
豫兴家苑五号院精装出租，家电齐全，南北通透，采光充足！！,2,1,70,整租,1100,zhongmou
锦程花园二期次卧精装修壁柜干净德邦普罗斯旁押一付一拎包入住,3,1,15,合租,400,zhongmou
急租，水岸鑫城 上复3室 精装修领包入住 电梯房 南北通透,3,2,82,整租,1000,zhongmou
象湖100金悦园38平1室1厅1卫公寓出租朝南带阳台,1,1,38,整租,850,zhongmou
急租，水岸鑫城，一室房子，家电齐全，拎包入住,1,1,47.9,整租,800,zhongmou
商都路附近大雍嘉园小区整租两室一厅出租，,2,1,65,整租,1000,zhongmou
象湖100金悦园两室两厅两卫 临近阿里巴巴 工商学院艺术学院,2,2,30,合租,750,zhongmou
急租，水岸鑫城，两室精装房子，家电齐全，拎包入住,2,2,91,整租,1200,zhongmou
急租政府旁，壹号公园，精装两室，1200，电梯阳光房拎包入住,2,2,88.9,整租,1200,zhongmou
落地阳台光线充足 南北通透 和房东签合同 没有中介费,2,1,65,整租,1000,zhongmou
急租，壹号公园，两室电梯房，家具家电齐全，随时看房，拎包住,2,2,88.9,整租,1200,zhongmou
次卧合租九龙镇宇通上气附近家电齐全拎包入住押一付三无中介费,3,1,20,合租,500,zhongmou
锦祥福园东贾社区精装两室鸿泰上汽九龙镇旁，押一付一拎包入住,2,1,75,整租,1000,zhongmou
暖气房来了，家电齐全，拎包入住，不容错过，,1,1,34,整租,600,zhongmou
急租，水木清华，精装四室，有暖气，家具家电齐全，拎包入住。,4,2,140,整租,2000,zhongmou
一楼可做生意 前后门 位置好,3,2,89.1,整租,1200,zhongmou
象湖100金悦园1室1厅1卫公寓出租没有中介费,1,1,28,整租,800,zhongmou
急租，水木清华，精装四室，有暖气，家具家电齐全，拎包入住。,4,2,140,整租,2000,zhongmou
锦程花园精装合租单间 家电齐全欢迎爱干净人员入住,3,2,15,合租,400,zhongmou
大雍嘉标间一室一厅一卫近白沙莆田地铁口。洁具市场二手市场,1,1,26,整租,600,zhongmou
象湖100  象湖一号 有色地质家园 豫兴家园 无中介费用,1,1,38,整租,850,zhongmou
栖瑞家苑两室一厅 金庚阜外近 押一付一民用水电 家电齐可洗澡,2,1,95,整租,1180,zhongmou
急租，东润两室房子家电齐全拎包入住，观景房,2,2,89,整租,1300,zhongmou
高铁站附近尚景和园 整租三房精装，随时入住，南北通透。,3,2,113,整租,1600,zhongmou
绿博景苑精装大两房，业主诚心出租 交通便利,2,2,86,合租,900,zhongmou
万邦附近合租单间出租，小区环境好,4,1,26,合租,399,zhongmou
急租，水岸鑫城 1室，家电齐全，领包入住，随时看房 45平,1,1,34,整租,600,zhongmou
水岸鑫城一室，拎包入住，干净温馨，随时看房,1,1,34,整租,600,zhongmou
急租，水岸鑫城 1室1厅1卫 家具家电齐全，可拎包入住,1,1,34,整租,600,zhongmou
1200月精装修两室，可居住可办公，家具家电齐全，随时看房子,2,1,77,整租,1200,zhongmou
急租，绿博半岛，三室，精装修，家具家电齐全，拎包入住。,3,2,144,整租,1200,zhongmou
永顺和园精装次卧出租，南北通透，家电齐全，24小时热水！！！,3,1,19,合租,480,zhongmou
可短租月付龙子湖附近单间出租,3,2,35,合租,600,zhongmou
750新悦城精装纯南一居室出租  家电家具齐全拎包入住,1,1,41,整租,750,zhongmou
急租东润郎郡两室精装带暖气出租，家具家电齐全，拎包入住,2,2,87,整租,1200,zhongmou
急租，三院旁，精装两室房，家电齐全，拎包入住，随时看房,2,2,96.4,整租,1000,zhongmou
上汽 宇通附近东賈社区精装修拎包入住,3,1,20,合租,450,zhongmou
李湖桥社区二室精装修出租，附近金庚阜外医院，大数据中心爱干净,2,1,75,整租,1100,zhongmou
急租，绿博半岛，精装干净三室，家具家电齐全，拎包入住。,3,2,144,整租,1200,zhongmou
750新悦城精装纯南一居室出租  家电家具齐全拎包入住,1,1,41,整租,750,zhongmou
大雍家园三号院精装修两室一厅一厨一卫家电齐全领包入住可月付,2,1,65,整租,999,zhongmou
急租，世祥花园 电梯2室 领包入住，精装修 90平 南北通透,2,2,90,整租,1000,zhongmou
上新  河景大三房出租1200   家电齐全  精装拎包入住,3,2,123,整租,1200,zhongmou
大雍二号院精装单间出租精装修带飘窗富士康科技集团附近拎包入住,3,1,25,合租,400,zhongmou
大雍二号院主卧出租精装修带阳台卫生间富士康科技集团附近,3,1,30,合租,500,zhongmou
普洛斯物流园附近锦龙花园小区出租单间，小区环境好,3,1,26,合租,399,zhongmou
宇培物流园，普洛斯物流园，华丰物流园附近，家电齐全，拎包入,2,1,60,整租,1000,zhongmou
急租，水岸鑫城 2室2厅1卫 电梯房家具家电齐全，拎包住,2,2,78,整租,1000,zhongmou
白沙富士康康庄洁具市场二手市场商都路前程大道华丰建材附近两室,2,1,65,整租,999,zhongmou
世纪城两室精装修，一个月1000干净温馨，有钥匙，随时看房,2,2,90,整租,1000,zhongmou
李湖桥社区主卧出租，附近金庚，附外医院，大数据中心，爱干净的,3,1,26,合租,450,zhongmou
李湖桥社区单间出租，附近金庚，阜外医院，大数据中心，爱干净的,3,1,20,合租,500,zhongmou
外国语对面，正弘铂悦 三室精装修，拎包入住随时看房,3,2,100,整租,1000,zhongmou
尚景华园 两室一厅 家具齐全拎包入住 随时看房,2,1,75,整租,1200,zhongmou
新县城 路劲国际城 电梯房 双卫 大3房 1200月,3,2,123,整租,1200,zhongmou
李湖桥社区，交通便利，家电齐全，24小时热水，随时看房！！！,2,1,75,整租,1100,zhongmou
象湖100金悦园2室1厅1卫LOFT公寓出租,2,1,28,整租,1150,zhongmou
急租，东润，带暖气，两室房子家电齐全，拎包入住，观景房,2,2,89,整租,1300,zhongmou
象湖100 网红小区 loft 交通设计研究院 无中介费,2,1,38,整租,1450,zhongmou
东润城二期  大三房 家具家电齐全 随时看房,3,2,117.5,整租,1200,zhongmou
象湖100金悦园精装修,2,1,31,整租,1200,zhongmou
德邦物流园附近，锦程花园二期精装修拎包入住，找爱干净的合租者,3,1,28,合租,450,zhongmou
东风路小学对面，清华园步梯三室，拎包入住干净温馨，随时看房,3,2,120,整租,900,zhongmou
帝华宏府南北通透大三房，有车位可用，家具家电齐全，可随时看房,3,2,120.6,整租,1300,zhongmou
新悦城两室，可居住可办公，看中房子，可以配东西。随时看房子,2,1,60,整租,1000,zhongmou
急租 三个卧室都有空调 中间楼层 拎包入住,3,2,114,整租,1200,zhongmou
白沙片区，精装两室两厅，南北通透，家具家电齐全，领包入住,2,2,90,整租,900,zhongmou
张庄西街电梯房 标间，一室一厅。有空调洗衣机 热水器 无线网,1,0,35,整租,400,zhongmou
豫兴家园精美大单间无中介费女士押一付一近工商旅游电转小破街,4,1,26,合租,420,zhongmou
象湖100金悦园一室一厅，临近阿里巴巴设计研究院艺术学院,1,1,40,整租,900,zhongmou
新县城 电梯3房 房间干净整洁 850月,3,2,89,整租,850,zhongmou
象湖100金悦园，一室一厅公寓，家电齐全，拎包入住，无中介费,1,1,28,整租,800,zhongmou
复式公寓，家具家电齐全，密码锁，南北通透，双电梯。,2,2,38,合租,880,zhongmou
主卧独卫精装带大阳台！无中介费押一付一朝南家具家电齐全,4,1,26,合租,399,zhongmou
绿博景苑南北通透两房，非常干净,2,1,85,整租,1000,zhongmou
世纪城两室精装修，一个月1000干净温馨，有钥匙，随时看房,2,2,90,整租,1000,zhongmou
急租，劲国际城 3室2厅2卫  电梯房 精装修 可随时看房,3,2,123,整租,1250,zhongmou
可短租月付郑东新区龙子湖旁单间出租,3,2,25,合租,600,zhongmou
万邦市场附近，万邦家园合租单间出租，小区环境好,3,1,18,合租,500,zhongmou
新县城精装两房，业主诚心出租,2,2,79,整租,1000,zhongmou
房东急租 尚景华苑 郑开大道 象湖附近 无杂费,2,2,75,整租,1200,zhongmou
锦程花园二期精装主卧出租，找爱干净的合租，德邦，普洛斯。,3,1,26,合租,460,zhongmou
650租万邦旁精装一室一厅，家具家电齐全，拎包入住，随时可看,1,1,20,整租,650,zhongmou
房栋直租，尚景华园，阜外医院，是体育中心，财经政法大学,2,1,75,整租,1300,zhongmou
东润城 3室2厅1卫 精装修 1200月 电梯房,3,2,83.7,整租,1200,zhongmou
中央花园 卫浴建材市场,3,2,30,合租,730,zhongmou
象湖100金悦园38平1室1厅1卫公寓,1,1,38,整租,880,zhongmou
象湖100两室一厅一卫公寓出租,2,1,28,整租,1200,zhongmou
新悦城一室精装修，拎包入住干净温馨，出门商业街，随时看房,1,1,32,整租,800,zhongmou
中央花园 铝材市场 卫浴市场,3,2,25,合租,360,zhongmou
中牟白沙前程大道商都大道白沙富士康康庄洁具市场精装修月付,2,1,65,整租,1000,zhongmou
大雍嘉院二号院次卧精装修干净舒适白沙富士康旁押一付一拎包入住,3,1,15,合租,399,zhongmou
超干净  温馨2房  拎包入住！商都路人民医院旁  临学校,2,2,88.7,整租,900,zhongmou
碧桂园峯景 3室2厅1卫 1300.0元 电梯房 精装修,3,2,100,整租,1300,zhongmou
象湖100金悦园38平一室一厅一卫公寓出租,1,1,38,整租,850,zhongmou
岗李新村3号院单间出租，可短租，可月付,5,0,30,合租,600,zhongmou
主卧合租，李湖桥社区，朝阳干净，无中介费，可做饭,3,1,26,合租,450,zhongmou
营河社区 4室1厅1卫 电梯房 南北通透 精装修,4,1,117,合租,600,zhongmou
美盛象湖100一室一厅38平，家电齐全，随时看房，拎包入住。,1,1,38,整租,1600,zhongmou
龙子湖大学城 郑开大道象湖 尚景华园精装两室 拎包入住无中介,2,1,80.3,整租,1200,zhongmou
水岸鑫城 1室1厅1卫 48平 电梯房,1,1,48.5,整租,600,zhongmou
水岸鑫城 1室1厅1卫 精装修 66平 电梯房,1,1,66,整租,800,zhongmou
优！郑东新区高铁站 北龙子湖商业圈 电子商务大厦,2,1,75,整租,1200,zhongmou
优！郑东新区高铁站 北龙子湖商业圈 电子商务大厦,2,1,75,整租,1200,zhongmou
水岸鑫城 1室 电梯房 35平,1,0,35,整租,700,zhongmou
尚景华园 2室1厅 精装修 南北通透 配套齐全,2,1,75,整租,1200,zhongmou
优！郑东新区高铁站 北龙子湖商业圈  电子商务大厦,2,1,75,整租,1200,zhongmou
郑东新区，郑开大道东四环，东站附近，尚景华园,2,1,75,整租,1200,zhongmou
次卧合租，宇通上汽中铁装备锦凤花园精装家具家电齐全拎包入住,3,1,15,合租,450,zhongmou
600包物业！精装一居室！可短租可月付！免费停车！免费宽带！,1,0,35,整租,600,zhongmou
可短租可月付拎包入住  精装修 电梯房 配套齐全,1,0,35,整租,600,zhongmou
精装一居室 可月付 可月租 包物业网费 家用家具齐全 拎包住,1,0,35,整租,600,zhongmou
600精装修豫兴家苑二号院 1室 精装修 南北通透 电梯房,1,0,35,整租,600,zhongmou
精装一居室 可月付可月租 包物业 家用家具齐全 拎包住,1,0,35,整租,600,zhongmou
600精装修一居室，交通便利，家电齐全，拎包入住，可短租月付,1,0,35,整租,600,zhongmou
600精装一居室！可短租可月付！免费停车！免费宽带！拎包入住,1,0,35,整租,600,zhongmou
工商学院，电力高等专科旁，精装一室，配套设施齐全，民用水电,1,0,35,整租,600,zhongmou
可短租，可月付，精装一室朝南，配套设施齐全，紧邻万邦，不合租,1,0,35,整租,600,zhongmou
德邦普洛斯宇培附近两室精装家电齐全拎包入住押一付一随时看房,2,1,60,整租,1000,zhongmou
精装双气2室2厅，无中介，近象湖，地矿大厦，艺术学院工商学院,2,2,68,整租,999,zhongmou
京东 普洛斯附近锦绣花园精装修拎包入住,3,1,20,合租,400,zhongmou
600整租 东润朗寓 1室 南北通透 配套齐全 电梯房,1,0,35,整租,600,zhongmou
600整租豫兴家苑二号院 1室 配套齐全 电梯房 南北通透,1,0,35,整租,600,zhongmou
720整租 万邦家园 1室 电梯房 配套齐全 精装修 可短租,1,0,35,整租,720,zhongmou
象湖100金悦园精装修两室一厅的，拎包入住的,2,1,60,整租,1100,zhongmou
营河一室1000，紧邻厂区，可短租,1,1,60,整租,1000,zhongmou
美盛象湖100金悦园 1室1厅1卫精装修家具家电齐全拎包入住,1,1,30,整租,800,zhongmou
上东国际 1室1厅1卫 家具家电配套齐全精装修 拎包入住,1,1,38,整租,1200,zhongmou
德邦，普洛斯物流园附近，锦程花园二期精装修拎包入住，爱干净者,3,1,90,合租,450,zhongmou
房东直租无中介费，高铁站独立，精装修，整租两房，拎包入住,2,2,70,整租,1200,zhongmou
大雍二号院精装白沙富士康旁押一付一拎包入住干净整洁,2,1,20,合租,500,zhongmou
急租，三室两厅两卫，1000精装，水岸鑫城，电梯房，拎包入住,3,2,82,整租,1000,zhongmou
锦程花园精装两室一厅普洛斯德邦九州通旁押一付一随时看房,2,1,60,整租,1000,zhongmou
主卧独卫！中铁 鸿泰宇通上汽附近 大主卧，配套齐全月付随时住,3,2,30,合租,500,zhongmou
锦程花园精装两室一厅家电齐全，欢迎爱干净人员入住,2,1,60,整租,1000,zhongmou
水岸鑫城大平层，三室精装修，拎包入住采光好，有钥匙随时看,3,2,102,整租,1000,zhongmou
主卧独卫锦程花园1期普洛斯德邦九州通旁可押一付一随时看房,3,1,25,合租,550,zhongmou
京东亚一旁 锦绣花园两室一厅整租  干净整洁 配套齐全可月付,2,1,60,整租,1000,zhongmou
栖瑞嘉苑两室一厅一厨一卫家电齐全领包入住可月付家电齐全可月付,2,1,65,整租,1199,zhongmou
专升本的好住所距离小破街也近豫兴家园二号院家电齐全领包入住,4,1,35,合租,430,zhongmou
锦程一期主卧独卫大阳台宽敞舒适德邦普罗斯旁押一付一拎包入住,3,1,25,合租,550,zhongmou
锦程花园二期精装修，南北通透，交通便利，24小时热水!!!!,3,1,90,合租,450,zhongmou
近前程极兔快递宇培安能得帮九州通医药等物流园！无中介费押一付,4,1,26,合租,390,zhongmou
普洛斯物流园附近，锦程花园花园二期小区合租单间,4,1,26,合租,400,zhongmou
京东附近锦绣花园精装修大两室押一付一拎包入住,2,1,60,整租,1000,zhongmou
普洛斯京东亚一旁精装两室一厅家电齐全拎包入住,2,1,84,整租,1000,zhongmou
南熙俯邸三室两厅两卫，主卧独卫，临近丹尼斯，长短期均可,3,2,30,合租,750,zhongmou
豫兴家苑单间出租家电齐全领包入住可月付空调专用带劲可做饭可洗,4,1,28,合租,480,zhongmou
锦程花园二期精装，物流附近，家电齐全，南北通透，拎包入住！！,3,1,29,合租,450,zhongmou
万邦市场附近，盛和社区合租单间出租，小区环境好,4,1,30,合租,450,zhongmou
标间！无中介费！押一付一近莆田地铁口白沙，洁具市场,1,1,36,整租,600,zhongmou
急租，水岸鑫城 3室2厅1卫  精装修 电梯房， 随时看房,3,2,80,整租,1000,zhongmou
水岸鑫城三室精装修，干净温馨，拎包入住，有钥匙随时看房,3,2,80,整租,1000,zhongmou
郑州东站 郑开大道 象湖 龙子湖 精装两室 家电齐全 无中介,2,1,65,整租,1000,zhongmou
万邦市场汽配城粮油市场对面！无中介费。精装带大阳台朝南,4,1,26,合租,419,zhongmou
象湖100金悦园，一室一厅，家电齐全，拎包入住,2,2,38,合租,880,zhongmou
德邦总部 普洛斯 宇培 大单间带阳台 干净整洁，可做饭拎包住,3,1,25,合租,500,zhongmou
800急租，水岸鑫城，临河观景房，一室一厅有钥匙，可随时看房,1,1,48,整租,800,zhongmou
实图实价无中介费车库免费停车 房东直租,2,1,75,整租,1200,zhongmou
锦绣花园近京东物流隔一条马路家电齐全领包入住空调冰箱洗衣机,4,1,25,合租,400,zhongmou
实图实价和房东签约没有中介费 免费停车 郑东新区 东四环,2,1,60,整租,1250,zhongmou
中央花园儿铝材市场 卫浴市场,3,2,25,合租,350,zhongmou
岗李新村二号院单间主卧带独立卫生间出租 无中介费,3,2,45,合租,800,zhongmou
亚新紫藤公馆 四室两厅三卫精修修出租 拎包入住 随时看房,4,2,168,整租,5900,zhongmou
市体育中心，财经政法大学，金水东路，龙子湖，阜外医院附近，,2,1,75,整租,1100,zhongmou
高庄一期合租单间出租，小区环境好，停车方便,4,1,18,合租,390,zhongmou
职业学校埠外医院东站龙子湖象湖康庄洁具市场民用水电随时看房,4,1,30,合租,400,zhongmou
郑东新区，高铁站附近 整租精装 两房拎包入住。,2,2,75,整租,1200,zhongmou
京东亚一锦绣花园 精致小标间，配套齐全，押一付一，随时入住,3,1,20,合租,400,zhongmou
新悦城公寓出租，干净温馨，诚心出租,1,1,55,整租,1000,zhongmou
上汽  豫通 鸿泰附近锦祥花园精装修拎包入住,2,1,60,整租,1000,zhongmou
美景美地麟洲，整租一居室，家具家电齐全，可月付,1,0,44,整租,750,zhongmou
美盛象湖壹号，精装修，交通便利,2,1,89.9,整租,1500,zhongmou
九龙新城上汽 宇通旁押一付一配套齐全拎包入住,3,2,20,合租,450,zhongmou
亚新美好香颂，临近8号线地铁,2,2,127.3,整租,2000,zhongmou
锦龙花园京东 普洛斯旁精装修拎包入住,3,2,20,合租,400,zhongmou
美景美地麟洲，精装一居室，拎包入住，可月付,1,0,38,整租,750,zhongmou
中央花园 三室 无中介费,3,1,25,合租,520,zhongmou
京东亚一旁，锦绣花园精装单间出租，找爱干净的合租，押一付一,3,1,17,合租,450,zhongmou
宇通德邦附近，精装一居室，家具家电齐全，整租，可月付,1,0,45,整租,800,zhongmou
星城国际，绿化环境好，精装修,2,2,93,整租,1000,zhongmou
星城国际，绿化环境好，精装修,2,1,96,整租,800,zhongmou
星城国际，绿化环境好，精装修,2,1,93,整租,800,zhongmou
金帝城，精装修，临近新生活广场,3,2,125,整租,1200,zhongmou
东方朗郡，精装修，家具家电齐全,3,2,108,整租,1500,zhongmou
大雍三号院 富士康科技附近 单间出租精装修 家具家电齐全,4,1,20,合租,400,zhongmou
象湖壹号，精装修，家具家电齐全，南北通透,3,2,89,整租,1500,zhongmou
整租一居室，独立卫生间，可月付，拎包入住，美景美地麟洲,1,0,38,整租,750,zhongmou
锦程花园一号院精装大单间 家电齐全 带大阳台 有厨房,3,2,26,合租,450,zhongmou
宇通上汽附近全女生房押一付一锦祥花园，配套齐全，可做饭随时看,3,1,25,合租,456,zhongmou
白坟幸福家园 3室2厅2卫 25平 电梯房 精装修,3,2,25,合租,530,zhongmou
李湖桥近大学城！无中介费！可月付！朝南可做饭电费便宜,3,1,26,合租,399,zhongmou
宇培物流园，普洛斯物流园，华丰物流园附近，家电齐全，拎包入,3,1,25,合租,520,zhongmou
营河社区 4室1厅1卫 15平 电梯房 南北通透,4,1,20,合租,550,zhongmou
美景美地麟洲，精装修，家具家电齐全，拎包入住，,1,0,44,整租,750,zhongmou
白沙富士康，大雍嘉苑位于商都大道，精装单间，拎包入住，可做饭,3,1,15,合租,399,zhongmou
京东亚一旁，锦绣花园 精装大主卧带阳台，配套齐全月付随时看房,3,1,30,合租,500,zhongmou
豫兴家园二号院两室合租主卧精装壁柜带阳台家电齐全领包入住月付,2,1,30,合租,400,zhongmou
精装一居室 可月付 可月租 包物业网费 家用家具齐全 拎包住,1,0,35,整租,600,zhongmou
600包物业东润朗寓 1室 配套齐全 电梯房 精装修,1,0,35,整租,600,zhongmou
600精装一居室！可短租可月付！包物业！免费停车！免费宽带！,1,0,35,整租,600,zhongmou
600精装一居室！可短租可月付！免费停车！免费宽带！随时入住,1,0,35,整租,600,zhongmou
可短租可月付拎包入住  精装修 电梯房 配套齐全 免费停车,1,0,35,整租,600,zhongmou
600精装一居室！可短租可月付！免费停车！免费宽带！拎包入住,1,0,35,整租,600,zhongmou
600精装修一居室，交通便利，家电齐全，拎包入住，可短租月付,1,0,35,整租,600,zhongmou
宇通上汽，中铁装备 九龙新城大主卧带阳台，采光好，配套齐全,3,1,30,合租,600,zhongmou
主卧出租极兔宇培附近家电齐全拎包入住押一付一交通方便环境不错,3,1,25,合租,450,zhongmou
精装暖气2室2厅，无中介，近象湖，地矿大厦，管委会，艺术学院,2,2,68,整租,999,zhongmou
急租，未来名郡，三室两厅一卫，家电齐全，拎包入住,3,2,117,整租,1200,zhongmou
锦程花园二期客厅精装宇培德邦普洛斯旁家电齐全拎包入住押一付一,2,1,30,合租,450,zhongmou
锦程花园一期精装宇培德邦普洛斯旁家电齐全干净整洁拎包入住,2,1,60,整租,1000,zhongmou
美盛象湖100 精装修上下两层分开住 家具家电齐全拎包入住,2,2,40,合租,850,zhongmou
近亚洲第一沧普洛斯宇，无中介费押一付一。精装带阳台,3,1,26,合租,420,zhongmou
急租，水岸鑫城，一室房子，家电齐全，拎包入住,1,1,47.9,整租,800,zhongmou
象湖100金悦园28平1室1厅1卫朝南公寓出租,1,1,28,整租,800,zhongmou
急租，东方润景，温馨小标间，有暖气，拎包入住，随时可看。,1,1,37.8,整租,800,zhongmou
[整租]宇培物流园，普洛斯物流园，华丰物流园附近，家电齐全，,4,1,90,合租,750,zhongmou
锦程花园客厅精装普洛斯宇培德邦旁家电齐全干净整洁拎包入住,2,1,25,合租,450,zhongmou
白沙富士康商都路旁大雍三号院精装单间家电齐全拎包入住,3,2,15,合租,399,zhongmou
锦祥福园次卧精装修有阳台干净整洁宇通上汽旁押一付一拎包入住,2,1,20,合租,450,zhongmou
锦程花园精装大主卧带阳台朝阳普洛斯德邦旁押一付一随时看房,3,1,25,合租,450,zhongmou
锦祥福园东贾社区精装次卧鸿泰上汽九龙镇旁押一付一随时看房,3,1,20,合租,450,zhongmou
锦绣花园精装两室一厅京东亚一旁押一付一随时看房,2,1,60,整租,1000,zhongmou
锦绣花园精装京东，亚一旁家电齐全干净整洁拎包入住押一付一,2,1,60,整租,1000,zhongmou
锦龙花园主卧独立阳台朝南向阳空调专用可月付可长租短租领包入住,5,1,35,合租,399,zhongmou
德邦 宇培 普洛斯极兔旁 精装两室一厅温馨入住 押一付一,2,1,60,整租,1000,zhongmou
水岸鑫城大平层，三室精装修，拎包入住采光好，有钥匙随时看,3,2,102,整租,1000,zhongmou
德邦 九州附近锦程花园精装修拎包入住,2,1,60,整租,1000,zhongmou
中茂新悦城精装修拎包入住空调2台冰箱洗衣机沙发茶几1100！,1,2,40,整租,1100,zhongmou
锦程花园精装合租家电齐全拎包入住,3,1,25,合租,450,zhongmou
急租，水岸鑫城，两室，家电齐全，拎包入住，不容错过,2,2,78,整租,1000,zhongmou
大雍家园三号院主卧独卫朝南向阳空调专用冰箱洗衣机都有可做饭,4,1,25,合租,550,zhongmou
德邦，普洛斯物流园附近，锦程花园二期精装修拎包入住，爱干净者,3,1,90,合租,450,zhongmou
美盛象湖金悦园精装修房,2,1,56,整租,1000,zhongmou
宇通 上汽附近锦祥花园精装修拎包入住,2,1,65,整租,1000,zhongmou
急租，水岸鑫城，四室，带暖气，领包入住，有钥匙，随时看房。,4,2,100,整租,1000,zhongmou
象湖100金悦园精装出租,1,1,28,合租,600,zhongmou
高庄社区主卧独卫朝南向阳空调冷风带劲全自动洗衣机24小时热水,5,1,25,合租,400,zhongmou
锦程二期精装主卧出租干净整洁拎包入住房间带大阳台随时联系看房,3,1,29,合租,450,zhongmou
可短租月付龙子湖象湖大学城旁精装修单间出租,3,2,25,合租,500,zhongmou
锦程花园精装普洛斯宇培德邦旁家电齐全干净整洁拎包入住,3,1,25,合租,550,zhongmou
锦程二期精装主卧出租南北通透房子空间大有阳台干净整洁随时看房,3,1,29,合租,450,zhongmou
急租，水岸鑫城 3室2厅1卫  精装修 电梯房， 随时看房,3,2,80,整租,1000,zhongmou
尚景和园精装修朝南单间出租,3,2,25,合租,550,zhongmou
龙子湖象湖附近精装修单间出租可短租月付,3,2,30,合租,500,zhongmou
急租，水岸鑫城，四室，带暖气，领包入住，有钥匙，随时看房。,4,2,100,整租,1000,zhongmou
电梯洋房 一梯二户 好楼层 看房方便  拎包入住,4,2,107,整租,750,zhongmou
白沙富士康对面 押一付一大雍嘉苑二号院 配套齐全  拎包入住,3,1,20,合租,500,zhongmou
房东急租 尚景华苑 郑开大道 象湖附近 无杂费,2,1,75,整租,1199,zhongmou
锦程花园二期精装单间，找爱干净的合租，德邦，普洛斯，九州通,4,1,29,合租,450,zhongmou
象湖100金悦园1室1厅1卫公寓出租,1,1,28,整租,800,zhongmou
房东直租，郑东新区 精装两房 拎包入住交通便利！,2,2,75,整租,1200,zhongmou
合租单间上汽海尔宇通家电齐全拎包入住,3,1,30,合租,600,zhongmou
近普洛斯宇培德邦中通菜鸟各大快递园前程大道华丰建材拎包住月付,3,1,25,合租,399,zhongmou
经开区 中牟京东普洛斯宇培创新学校可做饭可洗澡月付精装拎包住,4,1,20,合租,399,zhongmou
中央花园 铝铝材市场卫浴市场裕龙国际三室两厅两卫,3,2,28,合租,750,zhongmou
整租一居室，可月付，干净整洁，整租整租，宇通德邦物流园区,1,0,38,整租,750,zhongmou
没有中介费 实图实价 郑东新区龙子湖 东站附近 车库免费停车,2,1,60,整租,1200,zhongmou
岗李新村二号院合租单间出租,3,2,25,合租,551,zhongmou
无中介费，郑东新区 尚景华园整租 精装 两房，拎包入住,2,2,75,整租,1200,zhongmou
尚景华园 2室1厅1卫 75平 电梯房 南北通透,2,1,75,整租,1200,zhongmou
盛和社区 万邦近 便宜朝阳 干净可做饭可月付无中介民用水电,4,1,30,合租,420,zhongmou
上汽 宇通附近锦祥花园精装修拎包入住,3,1,20,合租,450,zhongmou
大雍三号院单间出租带阳台卫生间 精装修家具家电齐全，拎包入住,4,1,25,合租,550,zhongmou
盛和社区无中介费押一付一。主卧独卫近万邦市场汽配城男女不限,4,1,26,合租,409,zhongmou
大雍 嘉苑富士康对面 精装朝阳 押一付一无中介 可做饭家电齐,4,1,26,合租,420,zhongmou
1200急租，祥瑞花园，精装大三室，带暖气，家电齐全，拎包入,3,2,141,整租,1200,zhongmou
上汽 鸿泰 宇通 附近九龙新城精装修拎包入住,3,2,20,合租,450,zhongmou
上汽 宇通 鸿泰锦祥花园精装修拎包入住,2,1,75,整租,1000,zhongmou
雅居乐春森湖畔，家具家电齐全,3,1,98,整租,1500,zhongmou
高庄社区 朝阳可做饭 押一付一 朝南大阳台 可短租 民用水电,4,1,30,合租,400,zhongmou
栖瑞家苑 金庚阜外近 押一付一 民用水电 空调家电齐全可洗澡,4,1,30,合租,420,zhongmou
锦龙花园京东普多斯旁精装修拎包入住,3,2,30,合租,500,zhongmou
锦程二期京东 普洛斯 鸿泰旁精装修拎包入住,2,1,60,整租,1000,zhongmou
中央花园 康庄一号院 李湖桥 三室合租 可短租 无中介费,3,1,25,合租,550,zhongmou
金帝城，精装修，临近新生活广场,3,2,120,整租,1400,zhongmou
象湖网红公寓 设研院旁边 有密码 可以随时看房,2,1,28,整租,1100,zhongmou
美景美地麟洲，整租一居室，可短租可月付，家具家电齐全,1,0,44,整租,750,zhongmou
整租一居室，美景美地麟洲，可月付，拎包入住,1,0,38,整租,800,zhongmou
美盛象湖网红公寓，精装修，有密码,2,1,31,整租,1000,zhongmou
美盛象湖100 一室一厅 两室两厅两卫 交通设计研究院,1,1,38,整租,1600,zhongmou
帝华宏府医院傍家具家电齐全，拎包入住，900元,2,2,88.7,整租,900,zhongmou
郑东新区东润城，简单装修新小区，三居室拎包入住 南北通透,3,2,85,整租,1000,zhongmou
白沙 公寓标间 精装修家具家电齐全 拎包入住无中介费,4,1,30,合租,400,zhongmou
豫兴家苑二号院 1室 电梯房 配套齐全 精装修 可月付可短租,1,0,35,整租,600,zhongmou
600精装一居室！可短租可月付！免费停车！免费宽带！随时入住,1,0,35,整租,600,zhongmou
600精装一居室！可短租可月付！免费停车！免费宽带！拎包入住,1,0,35,整租,600,zhongmou
600精装修一居室，交通便利，家电齐全，拎包入住，可短租月付,1,0,35,整租,600,zhongmou
600包物业！精装一居室！可短租可月付！免费停车！免费宽带！,1,0,35,整租,600,zhongmou
600不合租！精装一居室！可短租!可月付 ！免费停车！包入住,1,0,35,整租,600,zhongmou
600精装一居室！免费停车！免费宽带！包物业！可短租可月付,1,0,35,整租,600,zhongmou
大雍嘉苑2号院精装主卧带阳台朝阳白沙富士康旁押一付一随时看房,3,1,20,合租,450,zhongmou
精装暖气2室2厅，无中介，近象湖，科技馆，地矿大厦，艺术学院,2,2,56,整租,999,zhongmou
精装暖气2室2厅，无中介，近象湖，地矿大厦，艺术学院工商学院,2,2,68,整租,999,zhongmou
锦祥福园主卧独卫精装上汽宇通旁家电齐全拎包入住押一付一,2,1,30,合租,500,zhongmou
精装两室一厅家电齐全拎包入住温馨的家只为你住,2,1,60,整租,999,zhongmou
美盛象湖100金悦园 1室1厅1卫精装修家具家电齐全拎包入住,1,1,28,整租,800,zhongmou
美盛象湖100金悦园 2室1厅1卫南北通透精装修家具家电齐全,2,1,28,整租,1040,zhongmou
美盛象湖100金悦园 1室1厅1卫 45平精装修家具家电齐全,1,1,40,整租,850,zhongmou
美盛象湖100金悦园 1室1厅1卫 配套齐全两张床 拎包入住,1,1,40,整租,850,zhongmou
商都路旁 精装全齐 拎包入住 隔成小三室 生活配套齐全,2,2,91,整租,900,zhongmou
小资格调复式！精装 朝阳！密码锁！拎包入住,1,2,40,整租,1100,zhongmou
锦凤花园次卧精装宇通上汽旁干净整洁拎包入住押一付一,3,1,15,合租,450,zhongmou
急租，水岸鑫城，精装电梯房复试，家具家电齐全，拎包入住。,3,2,82,整租,1000,zhongmou
象湖网红公寓 大户型两房900 可短租,2,2,31,整租,900,zhongmou
栖瑞家园二号院两室一厅一厨一卫家电齐全领包入住可月付可洗澡,2,1,95,整租,1100,zhongmou
急租，东方润景，温馨小标间，有暖气，拎包入住，随时可看。,1,1,37.8,整租,800,zhongmou
宇通上汽普洛斯德邦旁精装单间家电齐全拎包入住,3,2,30,合租,450,zhongmou
九龙新城精装小次卧宇通上汽中铁旁家电齐全干净整洁拎包入住,2,1,15,合租,500,zhongmou
锦绣花园精装修家具齐全无中介费京东亚一旁押一付一拎包入住,2,1,60,整租,1000,zhongmou
锦程一期精装宇培普洛斯旁家电齐全干净整洁拎包入住押一付一,2,1,60,整租,1000,zhongmou
急租，水岸鑫城，精装电梯房，大落地阳台，采光超好，拎包入住。,3,2,102,整租,1000,zhongmou
水岸鑫城大平层，三室精装修，拎包入住采光好，有钥匙随时看,3,2,102,整租,1000,zhongmou
急租，水岸鑫城，精装干净复试房，家具家电齐全，拎包入住。,2,2,80,整租,1000,zhongmou
豫兴家园两室一厅一厨一卫家电齐全可接受短租专升本的好住所,2,1,70,整租,1088,zhongmou
锦程花园大单间朝南向阳空调专用冰箱洗衣机家电齐全领包入住月付,3,1,97,合租,450,zhongmou
急租，世纪城，两室精装房，带暖气，家电齐全，拎包入住,2,2,93,整租,1300,zhongmou
大雍家园两室一厅一厨一卫家电齐全领包入住租金可以月付房东人好,2,1,65,整租,999,zhongmou
1000急租，世纪城两室，家电齐全，拎包入住，不容错过,2,2,64,整租,1000,zhongmou
急租，富源花都 2室 领包入住，随时看房。精装修 99平,2,2,99,整租,1000,zhongmou
锦祥福园近宇通近九龙家电齐全领包入住可月付可做饭可洗澡,4,1,28,合租,420,zhongmou
温馨两室好楼层，业主急租，价位好谈，看房方便,2,2,83,整租,1000,zhongmou
锦程花园二号院 3室1厅2卫 20平 南北通透 电梯房,3,1,20,合租,510,zhongmou
德邦物流园附近精装主卧独卫出租南北通透干净整洁带阳台随时看房,3,1,29,合租,480,zhongmou
东润朗郡 3室2厅1卫 配套齐全 108平 南北通透,3,2,108,整租,1500,zhongmou
急租，水岸鑫城，暖气房，四室两厅两卫，可随时看房，拎包入住,4,2,100,整租,1000,zhongmou
南熙俯邸三室两厅合租次卧，随时看房，拎包入住,3,2,20,合租,550,zhongmou
美盛象湖100金悦园 两室一厅一卫 Loft复试,2,1,60,整租,1100,zhongmou
德邦普洛斯极兔附近精装两室一厅配套齐全押一付一干净整洁采光好,2,1,60,整租,1000,zhongmou
京东亚一.普洛斯旁锦绣花园精装单间家电齐全拎包入住,3,1,25,合租,450,zhongmou
锦绣花园主卧精装修带阳台宽敞京东亚一旁押一付一拎包入住,3,1,25,合租,450,zhongmou
急租，水岸鑫城，一室标间，家具家电齐全拎包入住，随时可看。,1,1,34,整租,700,zhongmou
普洛斯物流园附近精装单间出租干净整洁南北通透带阳台随时看房子,3,1,26,合租,460,zhongmou
德邦普洛斯附近锦程花园精装修拎包入住,2,1,60,整租,1000,zhongmou
南熙福邸 伟业国际 三室两厅两卫 可短租 无中介费,3,2,35,合租,650,zhongmou
房子可干净，采光好，南北通透,3,2,89,整租,850,zhongmou
郑东新区东四环龙子湖象湖旁单间出租,3,2,30,合租,600,zhongmou
郑东新区精装二室一厅出租家电齐全拎包入住家电家具全新随时看房,2,1,70,整租,1200,zhongmou
京东亚一仓库附近合租单间出租，锦绣小区环境好,3,1,22,合租,420,zhongmou
德邦普洛斯九州通丹尼斯精装单间主卧独卫家电齐全拎包入住,3,1,25,合租,550,zhongmou
精装整租3室2厅1卫 郑东新区 南北通透  配套齐全拎包住,3,2,123,整租,999,zhongmou
岗李新村合租大客厅，带落地大阳台,5,0,30,合租,700,zhongmou
德邦，普洛斯，锦程二号院，单间出租，找爱干净的合租,4,1,29,合租,450,zhongmou
金庚中医院附近小区精装两室出租！家电齐全领包入住,2,1,70,整租,1200,zhongmou
押一付一精装带大阳台，近白沙前程宇培普洛斯得帮极兔等物流园,3,1,26,合租,400,zhongmou
大雍家院三号院次卧精装修干净舒适白沙富士康旁押一付一拎包入住,3,1,15,合租,399,zhongmou
房东直租无中介费，郑东新区尚景华园整租两室，精装拎包入住！,2,1,80,整租,1200,zhongmou
东润华景 3室1厅1卫 1200.0元 电梯房 精装修,3,1,88,整租,1200,zhongmou
美景美地麟洲，整租一居室，家具家电齐全，南户，可月付,1,0,44,整租,800,zhongmou
房东直租无中介费，尚景花园整租精装两房出租，拎包入住,2,1,75,整租,1200,zhongmou
急租未来铭郡三室两厅一卫精装出租，家具家电齐全，拎包入住,3,2,116,整租,1200,zhongmou
营河一室一厅精装租金1000可短租紧邻K区随时看房拎包入住,1,1,60,整租,1000,zhongmou
急租，祥瑞花园，精装大三室，有暖气，家具家电齐全，拎包入住。,3,2,141,整租,1200,zhongmou
急租祥瑞花园三室精装出租，家具家电齐全，拎包入住,3,2,141,整租,1200,zhongmou
九龙新城上汽 宇通旁配套齐全押一付一拎包入住,3,2,30,合租,450,zhongmou
象湖金悦园公寓，采光好，家具齐全,1,0,31,整租,1000,zhongmou
海昌海洋馆紧邻，三室出租，可做民宿,3,1,102,整租,1100,zhongmou
锦祥花园旁上汽宇通鸿泰物流园精装修家电齐全拎包入住,3,2,20,合租,400,zhongmou
尚景华园 两室一厅 品质装修 免费停车,2,1,75,整租,1200,zhongmou
东润.朗郡，精装修，可拎包入住,3,2,115,整租,1700,zhongmou
急租中央御景两室，干净温馨，拎包入住，采光好有钥匙，随时看房,2,2,80,整租,900,zhongmou
700包物业费 租万邦南精装一室一厅 家具家电齐全 随时看,1,1,26,整租,700,zhongmou
郑东新区尚景华园，东站附近 整租两房，房东直租无中介费,2,1,75,整租,1200,zhongmou
盛和社区1号3号都有无中介费！押一付一近万邦市场汽配城,4,1,32,合租,399,zhongmou
锦祥花园旁上汽。宇通。鸿泰物流  家电齐全拎包入住,2,1,60,整租,1000,zhongmou
美景美地麟洲，精装一居室，拎包入住，可月付,1,0,38,整租,750,zhongmou
美景美地麟洲，精装公寓，家具家电齐全，拎包入住,1,0,38,整租,800,zhongmou
盛和社区 主卧带卫生间朝阳 押一付一无中介费无杂费 家电齐全,4,1,30,合租,420,zhongmou
锦程花园 近九州通德邦物流 24小时热水空调押一付一无中介,3,1,30,合租,420,zhongmou
精装修 带阳台家电齐全，拎包入住押一付一,4,1,25,合租,450,zhongmou
近万邦批发市场万洪路比克大道出租无中介费拎包住,4,1,26,合租,430,zhongmou
营河小区带阳台   押一付一   可短租,4,1,117,合租,700,zhongmou
大有家园主卧独卫朝南向阳空调专用冰箱洗衣机都有可月付可洗澡,5,1,30,合租,400,zhongmou
豫兴家苑精装一室一厅整租，拎包入住,1,1,65,整租,800,zhongmou
京东亚一普洛斯旁精装单间家电齐全拎包入住,3,1,30,合租,500,zhongmou
锦程花园2期精装主卧带阳台普洛斯德邦旁押一付一随时看房,3,1,30,合租,500,zhongmou
740精装一居室！可短租可月付！免费停车！免费宽带！随时入住,1,0,35,整租,740,zhongmou
600精装一居室！可短租可月付！免费停车！免费宽带！拎包入住,1,0,35,整租,600,zhongmou
600不合租！精装一居室！可短租!可月付 ！免费停车！包入住,1,0,35,整租,600,zhongmou
600精装一居室！免费停车！免费宽带！包物业！可短租可月付,1,0,35,整租,600,zhongmou
740精装修一居室，交通便利，家电齐全，拎包入住，可短租月付,1,0,35,整租,740,zhongmou
740包物业！精装一居室！可短租可月付！免费停车！免费宽带！,1,0,35,整租,740,zhongmou
不是合租 麻雀虽小 五脏俱全 民用水电 温馨一居室 随时看房,1,0,35,整租,600,zhongmou
600精装一居室!可短租可月付！免费停车！免费宽带！随时入住,1,0,35,整租,600,zhongmou
主卧出租德邦普洛斯附近三室精装修家电齐全拎包入住押一付一,3,1,25,合租,550,zhongmou
普洛斯物流园附近精装两室家电齐全拎包入住押一付一交通方便,2,1,60,整租,1000,zhongmou
急租，1000租，世纪城两室，家电齐全，拎包入住，不容错过,2,2,64,整租,1000,zhongmou
急租，水岸鑫城 上复3室 精装修领包入住 电梯房 南北通透,3,2,82,整租,1000,zhongmou
象湖100金悦园 一室一厅一卫 740  单人公寓,1,1,28,整租,800,zhongmou
岗李新村二号院主卧独卫出租 配套齐全 电梯房 南北通透,3,2,40,合租,800,zhongmou
美盛象湖100金悦园2室1厅1卫 精装修家具家电齐全拎包入住,2,1,56,整租,1200,zhongmou
白坟幸福家园精装修朝北带厨房可做饭 配套齐全拎包入住,3,2,25,合租,500,zhongmou
美盛象湖100金悦园1室1厅1卫精装修 家具家电齐全拎包入住,1,1,30,整租,780,zhongmou
美盛象湖100金悦园 2室1厅1卫家具家电齐精装修 拎包入住,2,1,56.5,整租,1200,zhongmou
南熙福邸 3室2厅2卫 南北通透 精装修家具家电齐全拎包入住,3,2,30,合租,650,zhongmou
锦凤花园精装单间押一付一拎包入住,3,1,15,合租,450,zhongmou
急租，水岸鑫城 上复3室 精装修领包入住 电梯房 南北通透,3,2,82,整租,1000,zhongmou
大雍嘉苑一号院 1室 配套齐全 电梯房 南北通透,1,0,35,整租,600,zhongmou
大雍嘉苑3号院精装次卧白沙富士康旁押一付一随时看房,3,1,15,合租,399,zhongmou
德邦 九州附近锦程一期精装修拎包入住,2,1,60,整租,1000,zhongmou
锦程花园精装两室一厅普洛斯德邦九州通旁押一付一随时看房,2,1,60,整租,1000,zhongmou
锦程一期精装修家具齐全无中介费德邦普罗斯旁押一付一拎包入住,2,1,60,整租,1000,zhongmou
锦绣花园精装次卧京东亚一旁押一付一随时看房,3,1,20,合租,400,zhongmou
急租，水岸鑫城大平层，三室精装修电梯房，拎包入住，随时看房,3,2,102,整租,1000,zhongmou
次卧合租东贾社区宇通上汽九龙镇旁南北通透家电齐全拎包入住,3,1,20,合租,450,zhongmou
可短租月付龙子湖象湖大学城附近单间出租,3,2,35,合租,600,zhongmou
急租，十里头，新世界旁边，三房，家电齐全，拎包入住，不容错过,3,2,125,整租,950,zhongmou
白坟幸福家园主卧独卫带阳台家电齐全领包入住可月付可做到可洗澡,5,1,30,合租,520,zhongmou
锦程花园二号院 3室1厅2卫 20平 南北通透 电梯房,3,1,20,合租,510,zhongmou
房源采光好，南北通透，业主诚意出,3,2,134,整租,1500,zhongmou
航海东路万科溪望三室出租,3,2,93,整租,1000,zhongmou
甲乙丙丁鸿泰物流上汽宇通旁精装两室家电齐全拎包入住,2,1,65,整租,1000,zhongmou
东润城 精装四房 家具家电齐全 随时看房,4,2,139.3,整租,1800,zhongmou
宇通 上汽附近锦祥花园精装修拎包入住,2,1,75,整租,1000,zhongmou
盛和社区近万邦市场主卧独卫朝南向阳空调专用可月付可做饭可洗澡,4,1,30,合租,400,zhongmou
上汽宇通普洛斯旁东贾小区精装两室家电出租拎包入住,2,1,75,整租,1000,zhongmou
大雍庄二号院精装壁柜主卧朝南向阳空调带劲家电齐全可月付可做饭,4,1,28,合租,400,zhongmou
豫兴家苑精装修，家电齐全，南北通透，压一付一，24小时热水！,2,1,70,整租,1100,zhongmou
豫兴嘉园精装二室一厅出租南北通透家电齐全拎包入住随时联系看房,2,1,70,整租,1100,zhongmou
近工商学院小破街传媒学院电专旅游专升本郑开大道地矿大厦阿里,4,1,30,合租,439,zhongmou
豫兴家苑 工商学院近独卫 可做饭押一付一可短租无中介可洗澡,4,1,30,合租,409,zhongmou
地矿科技园 两室一厅一卫  网红小区 无中介费,2,1,28,整租,1150,zhongmou
万邦家园带阳台的房间单间出租家电齐全应有尽有领包入住,3,1,25,合租,400,zhongmou
绿城景苑 电梯房 房间干净整洁 850月包物业费,2,2,78,整租,850,zhongmou
锦绣花园 京东近24小时热水空调可做饭押一付一无中介家电齐,4,1,30,合租,420,zhongmou
主卧独卫！独卫 德邦普洛斯旁 家电齐全 押一付一拎包入住朝阳,3,1,25,合租,550,zhongmou
德邦 普洛斯 精装大主卧带阳台，家电齐全，可押一付一随时看房,3,1,30,合租,450,zhongmou
前程嘉苑 朝阳干净 主次卧都有 无中介押一付一可做饭有热水,4,1,30,合租,420,zhongmou
锦程花园精装修单间精装修家电齐全拎包入住,3,1,25,合租,500,zhongmou
房东直租，郑东新区 精装两房 拎包入住交通便利！,2,2,75,整租,1200,zhongmou
象湖100金悦园精装两室一厅LOFT公寓出租,2,1,28,整租,1200,zhongmou
亚新紫藤公馆 141平三室出租  精装修交付  随时看房,3,2,141,整租,5000,zhongmou
亚新紫藤公馆 四房出租 精装修  真实图片 随时看房,4,2,170,整租,6000,zhongmou
郑东新区尚东城 龙子湖旁边 和房东签合同 没有中介费,2,1,60,整租,1200,zhongmou
美景美地麟洲，精装公寓，整租一居室，可月付,1,0,44,整租,800,zhongmou
锦程花园 德邦宇培亚新 朝南精装干净卫生 押一付一无中介,3,1,25,合租,420,zhongmou
亚新紫藤公馆165平精装修四室出租 家具家电齐全拎包入住,4,2,165,整租,6800,zhongmou
路劲国际城精装大三房，业主诚心出租家具家电齐全,3,2,116,整租,1400,zhongmou
亚新紫藤公馆168平四室豪华装修 真实图片随时看房,4,2,168,整租,5500,zhongmou
郑州中牟郑庵万邦批发市场附近精装修家具家电可洗澡月付随时看房,4,1,30,合租,420,zhongmou
尚景华园 2室1厅1卫 75平 南北通透 精装修,2,1,75,整租,1200,zhongmou
万邦市场附近，盛和社区合租单间，,4,1,22,合租,420,zhongmou
白沙商都路东岸曦城纯南三室两厅，精装修配套齐全，诚心出租,3,2,90,整租,1000,zhongmou
行路难，不在水，不在山，只在人情反复间。,2,1,65,整租,1099,zhongmou
上汽 鸿泰附近锦祥花园精装修拎包入住,3,1,20,合租,400,zhongmou
锦程花园精装修拎包入住,2,1,60,整租,1000,zhongmou
美景美地麟洲，精装公寓，家具家电齐全，可月付,1,0,44,整租,800,zhongmou
东熙汇精装公寓，配套齐全拎包入住,1,0,39,整租,1000,zhongmou
三小对面，未来铭郡两室精装修，采光好拎包入住，随时看房,2,2,88,整租,1200,zhongmou
象湖100金悦园公寓，可随时看房,2,1,38,整租,1300,zhongmou
美盛象湖100网红公寓  设研院旁边,2,1,31,整租,1000,zhongmou
亚新美好香颂，临近地铁口，交通便利,3,2,127.2,整租,1600,zhongmou
水岸鑫城，全新装修大四房，双卫，家电齐全，拎包入住,4,2,79,整租,1200,zhongmou
郑大二附院 鸿泰物流附近东贾小区 精装两室一厅一卫 拎包入住,2,1,60,整租,1100,zhongmou
郑东新区 中牟白沙前程嘉苑精装修干净卫生可月付随时看房,4,1,20,合租,400,zhongmou
无中介费押一付一！标间整租合近白沙富士康康庄洁具市场男女不限,3,1,26,合租,500,zhongmou
前程嘉苑 朝阳干净 主次卧都有 无中介押一付一可做饭有热水,4,1,30,合租,420,zhongmou
水岸鑫城 2室1厅1卫 电梯房 80平,2,1,80,整租,1000,zhongmou
锦祥两室一厅拎包入住，宇通上汽附近  随时看房，押一付一,2,1,60,整租,1200,zhongmou
标间，主卧独卫，次卧无中介费押一付一近白沙富士康康庄洁具市场,3,1,26,合租,399,zhongmou
大雍 嘉苑富士康对面 精装朝阳 押一付一无中介 可做饭家电齐,4,1,30,合租,399,zhongmou
象湖100金悦园两室两厅两卫公寓出租 两层独立 无中介费,2,2,38,合租,900,zhongmou
新亚产业园 文亮 宇通上汽附近九龙新城 精装大单间 家电齐全,3,1,25,合租,450,zhongmou
商都路大雍嘉园整租，合租单间出租，小区环境好,4,1,20,合租,399,zhongmou
无中介费万邦汽博园奥特莱斯比克电池附近一室一厅拎包入住,1,1,30,整租,800,zhongmou
美盛象湖100金悦园 2室2厅2卫,2,2,38.6,整租,1550,zhongmou
中牟城区 1室0厅1卫,1,0,25,整租,480,zhongmou
九龙新城 3室2厅1卫,3,2,91,整租,1300,zhongmou
万华V世界 1室1厅1卫,1,1,49,整租,1100,zhongmou
美景美地麟洲 1室1厅1卫,1,1,42,整租,800,zhongmou
美景美地麟洲 1室1厅1卫,1,1,38.3,整租,800,zhongmou
九龙新城 3室2厅1卫,3,2,91,整租,1400,zhongmou
碧桂园中央公园北苑A区 4室2厅2卫,4,2,139.5,整租,2500,zhongmou
明都公馆 2室1厅2卫,2,1,58,整租,1400,zhongmou
亚新美好香颂 3室2厅1卫,3,2,111,整租,1800,zhongmou
中牟城区 1室1厅1卫,1,1,44,整租,550,zhongmou
雁鸣叙 6室3厅3卫,6,3,400,整租,4999,zhongmou
水木清华 3室2厅2卫,3,2,127,整租,1300,zhongmou
融创美盛象湖壹号(1期) 3室2厅1卫,3,2,91,整租,1700,zhongmou
普罗旺世理想国 4室2厅1卫,4,2,150,整租,2500,zhongmou
金恒基金帝城 1室0厅1卫,1,0,30,整租,850,zhongmou
美景美地麟洲 1室1厅1卫,1,1,39,整租,700,zhongmou
锦绣花园(中牟傲雪路) 2室2厅2卫,2,2,120,整租,1500,zhongmou
星城国际西苑 2室2厅1卫,2,2,92,整租,700,zhongmou
星城国际东苑 2室2厅1卫,2,2,95,整租,600,zhongmou
西街村 3室1厅1卫,3,1,120,整租,600,zhongmou
雅居乐国际花园(西苑) 3室2厅1卫,3,2,96,整租,1950,zhongmou
宽豪斯 3室2厅1卫,3,2,90,整租,700,zhongmou
中牟城区 2室1厅1卫,2,1,65,整租,900,zhongmou
和谐家园六号院 2室2厅1卫,2,2,88,整租,1150,zhongmou
中牟城区 2室1厅1卫,2,1,75,整租,1000,zhongmou
美盛象湖100金悦园 1室1厅1卫,1,1,38.5,整租,800,zhongmou
美盛象湖100金悦园 1室1厅1卫,1,1,31,整租,800,zhongmou
伟业国际 1室1厅1卫,1,1,56,整租,1200,zhongmou
九龙新城 2室2厅1卫,2,2,90,整租,1200,zhongmou
美景美地麟洲 1室1厅1卫,1,1,53.3,整租,700,zhongmou
中牟城区 3室1厅1卫,3,1,102,整租,1600,zhongmou
东润朗寓 1室0厅1卫,1,0,30,整租,700,zhongmou
长基雁月湾(别墅) 3室2厅2卫,3,2,136.7,整租,1500,zhongmou
中茂新悦城 1室1厅1卫,1,1,35,整租,1000,zhongmou
融创美盛象湖壹号1期 6室3厅4卫,6,3,300,整租,8000,zhongmou
醇葡大厦 4室2厅2卫,4,2,80,整租,3000,zhongmou
中牟城区 2室2厅2卫,2,2,97.5,整租,680,zhongmou
星城国际东苑 3室1厅1卫,3,1,126.1,整租,800,zhongmou
水岸鑫城 1室1厅1卫,1,1,48,整租,850,zhongmou
星城国际西苑 3室2厅2卫,3,2,139.7,整租,850,zhongmou
美景美地麟洲 1室0厅1卫,1,0,36,整租,700,zhongmou
和谐家园一号院 3室2厅1卫,3,2,89,整租,1500,zhongmou
美景美地麟洲 1室0厅1卫,1,0,40,整租,700,zhongmou
绿博花园一号院 1室1厅1卫,1,1,65,整租,700,zhongmou
东方润景 2室2厅1卫,2,2,88,整租,1100,zhongmou
锦绣家苑(东苑) 2室2厅1卫,2,2,83,整租,600,zhongmou
正商双湖湾碧雅苑 3室2厅2卫,3,2,120,整租,1200,zhongmou
中牟城区 1室1厅1卫,1,1,60,整租,600,zhongmou
悦湖会 3室2厅1卫,3,2,113.8,整租,1300,zhongmou
格林上东 3室1厅1卫,3,1,92,整租,1100,zhongmou
碧桂园中央公园北苑A区 3室2厅1卫,3,2,122,整租,1900,zhongmou
中牟城区 3室1厅1卫,3,1,108,整租,1200,zhongmou
金恒基金帝城 2室2厅1卫,2,2,90,整租,950,zhongmou
绿博大道 3室2厅1卫,3,2,108,整租,1200,zhongmou
和谐家园二号院 2室2厅1卫,2,2,88,整租,1200,zhongmou
上东国际 2室0厅2卫,2,0,85,整租,2000,zhongmou
金恒基金帝新生活 2室2厅1卫,2,2,87.7,整租,1300,zhongmou
长基雁月湾(公寓住宅) 2室2厅1卫,2,2,88,整租,1000,zhongmou
亚新美好艺境 4室2厅2卫,4,2,141,整租,1200,zhongmou
中牟城区 3室2厅1卫,3,2,102,整租,1400,zhongmou
星城国际西苑 2室2厅1卫,2,2,93,整租,800,zhongmou
盛世佳园2号院 2室1厅1卫,2,1,90,整租,850,zhongmou
康桥香溪郡8号院 3室2厅2卫,3,2,150,整租,3500,zhongmou
美景美地麟洲 1室1厅1卫,1,1,45,整租,1000,zhongmou
东方银座 1室1厅1卫,1,1,35,整租,750,zhongmou
东岸曦城 2室1厅1卫,2,1,93,整租,800,zhongmou
和谐家园二号院 2室1厅1卫,2,1,75,整租,1400,zhongmou
中茂新悦城 2室2厅1卫,2,2,40,整租,999,zhongmou
东方润景 3室2厅1卫,3,2,112.7,整租,1100,zhongmou
美景美地麟洲 1室1厅1卫,1,1,40,整租,800,zhongmou
康桥香溪郡8号院 3室2厅1卫,3,2,112,整租,1500,zhongmou
亚太绿博花园 1室1厅1卫,1,1,39.1,整租,800,zhongmou
碧桂园中央公园北苑A区 3室2厅1卫,3,2,102,整租,1600,zhongmou
融创美盛象湖壹号1期 3室1厅1卫,3,1,90,整租,1600,zhongmou
中牟城区 3室2厅1卫,3,2,89,整租,1300,zhongmou
星城国际东苑 2室2厅1卫,2,2,92,整租,600,zhongmou
中牟城区 3室2厅2卫,3,2,71,整租,1600,zhongmou
格林上东 3室2厅1卫,3,2,128.4,整租,1500,zhongmou
星城国际西苑 2室2厅1卫,2,2,96,整租,600,zhongmou
绿博1号小区 3室2厅2卫,3,2,130,整租,1000,zhongmou
碧桂园中央公园南苑 4室2厅2卫,4,2,143,整租,2200,zhongmou
绿博1号小区 2室2厅2卫,2,2,97.5,整租,900,zhongmou
东方润景 2室1厅1卫,2,1,82,整租,1000,zhongmou
碧水名苑 4室2厅2卫,4,2,140,整租,1516,zhongmou
人和花园1号院 4室2厅2卫,4,2,20,合租,500,zhongmou
碧桂园中央公园北苑A区 2室1厅1卫,2,1,53,整租,1200,zhongmou
美景美地麟洲 1室0厅1卫,1,0,45,整租,800,zhongmou
保利罗兰香谷 3室2厅2卫,3,2,128,整租,1100,zhongmou
中牟城区 3室2厅1卫,3,2,101,整租,1000,zhongmou
美景美地麟洲 1室1厅1卫,1,1,45,整租,888,zhongmou
美盛象湖100 2室1厅1卫,2,1,31,整租,1100,zhongmou
