园博园片区，郑州比亚迪，一梯一户。,3,2,116,整租,1800,hangkonggang
机场附近润丰悦尚  精装修拎包入住家具家电齐全,3,2,100,整租,1500,hangkonggang
和昌三期精装三房，第一次出租，拎包入住,3,2,100,整租,1400,hangkonggang
锦绣荷园精装二室二厅一卫1200包物业拎包入住,2,2,90,整租,1200,hangkonggang
正弘美林苑精装三房  家具家电齐全交通便利 1500包物业,3,2,89,整租,1500,hangkonggang
富士康旁 蔚来云成云园三室1700包物业 可短租 可短租,3,2,103,整租,1700,hangkonggang
正弘棠语苑 三室两厅一卫 家电齐全 临近太湖路小学 含物业费,3,2,88,整租,1400,hangkonggang
郑大一附院有暖气航头大厦富士康裕鸿公寓旁,3,1,20,合租,500,hangkonggang
永威二期 简装一室一厅 家具家电齐全 全屋地暖 交通便利,1,1,60,整租,1000,hangkonggang
公寓直租，豫康北特价600，押一付一，可短住，门口有公交车,1,0,38,整租,600,hangkonggang
麓林园三室两卫边户，全屋节能家电 婚房无甲醛四台大空调,3,2,117,整租,1500,hangkonggang
蔚来云成精装三室两厅一卫1600 边户 南北通透 拎包入住,3,2,102,整租,1600,hangkonggang
万科一期，定制装修1500 近地铁学校 一附院 丹尼斯,3,2,83,整租,1500,hangkonggang
南北通透三房 诚心出租,3,2,89,整租,1500,hangkonggang
安纳西庄园 3室2厅2卫 1700.0元 电梯房,3,2,115.6,整租,1700,hangkonggang
正弘棠语苑 三室 南北通透 全屋定制 家电随时可以配齐,3,2,105,整租,1400,hangkonggang
安纳西庄园精装三房，家具家电齐全拎包入住随时看房,3,2,99,整租,1600,hangkonggang
万科旁尚文苑 太湖路小学对面 精装三室拎包入住 家具齐全,3,2,89,整租,1400,hangkonggang
安纳西三室两厅一卫精装修，领包入住,3,2,93.9,整租,1500,hangkonggang
精装修，拎包入住，随时看房，周边配套齐全房屋很干净,2,2,93,整租,1500,hangkonggang
富士康厂区附近小区别墅次卧,4,2,25,合租,500,hangkonggang
正弘尚文苑 三室两厅一卫 家电齐全 拎包入住临近学校 公园,3,2,89,整租,1300,hangkonggang
蔚来云城云园，沃金附近，房东直租，免费暖气,3,2,14,合租,500,hangkonggang
永威三期 精装三室 家具家电齐全 兰河公园地铁口 全屋地暖,3,2,106,整租,1500,hangkonggang
第一次出租 双气 干净齐全 拎包入住 采光视野好,3,2,128,整租,1800,hangkonggang
白鹭源 3室2厅2卫 1600.0元 电梯房 130.0平米,3,2,130,整租,1600,hangkonggang
永威南樾瑞苑 3室2厅1卫 电梯房 89平 精装修,3,2,89,整租,1300,hangkonggang
豫康北公寓老板直租，低价700，大床房干净卫生,1,0,55,整租,700,hangkonggang
永威三期 精装三室 家具家电齐全 全屋地暖 锦荣广场交通便利,3,2,106,整租,1500,hangkonggang
新房首租，全新房源，家具家电齐全，可以拎包入住。,3,2,126,整租,1800,hangkonggang
航南新城普洛斯，家具家电齐全，拎包入住,1,1,60,整租,800,hangkonggang
安纳西庄园，精装三房，全屋定制，家电齐全，拎包入住，随时看房,3,2,97,整租,1600,hangkonggang
大马村安置区 2室1厅1卫 60平 精装修 电梯房,2,1,60,整租,1000,hangkonggang
正商宇航名筑精装两房 康平湖地铁口中央公园一路之隔 1200,2,2,44.6,整租,1200,hangkonggang
安纳西庄园 三室两厅一卫 家电齐全拎包入住 临近富士康可短租,3,2,95.5,整租,1500,hangkonggang
蔚来云城 3室2厅1卫 节能家电 沃金商业街自住标准装修,3,2,96,整租,1900,hangkonggang
安纳西精装修两室价格优惠,2,1,84.4,整租,1500,hangkonggang
蔚来云城颐园精装两室1400包物业家电齐全紧邻厂区诚信出租,2,1,65,整租,1400,hangkonggang
老板直租。豫康北。两室900，干净卫生，押一付一,2,0,70,整租,900,hangkonggang
安纳西精装三室南北通透,3,2,99,整租,1600,hangkonggang
正弘碧湖苑 3室2厅1卫 电梯房 89平 精装修,3,2,89,整租,1300,hangkonggang
万科五期全屋定制装修，南北通透，物业直租，实拍图，随时看,3,2,89,整租,1300,hangkonggang
新房首租，精装修碧湖苑护航路小学旁小区环境好，房子干净利落,3,2,88,整租,1500,hangkonggang
万科一期配置齐全1000元 双气 近郑大一附院丹尼斯,3,2,89,整租,1000,hangkonggang
安纳西庄园，k.lg区今近，可短租。无中介费。,3,2,12,合租,500,hangkonggang
锦绣桂圆精装一室833包物业费长租短租都可以房东诚信出租,1,1,60,整租,833,hangkonggang
安纳西庄园大三室两卫包物业拎包入住包物业费长租更优惠密码锁环,3,2,115.8,整租,1600,hangkonggang
安纳西两室一厅一卫出租,2,1,66.3,整租,1600,hangkonggang
白鹭源春晓 精装三室两卫 超大联通阳台 家具家电齐全 地铁口,3,2,122.2,整租,1600,hangkonggang
无中介费！可短租，月付！黑马培训机构 航投大厦富士康 包入住,3,1,20,合租,400,hangkonggang
正弘愉心苑89平小三室精装出租1200元,3,2,89,整租,1200,hangkonggang
豫发大运城国园 3室2厅2卫 140平 电梯房 精装修,3,2,140,整租,2000,hangkonggang
永威南樾瑞苑 2室2厅1卫 73平 精装修 电梯房,2,2,73,整租,1200,hangkonggang
万科直租，拎包入住，随时看房，业主诚心出租，在联系联系,3,2,88,整租,1200,hangkonggang
精装修，家具家电齐全，拎包入住,3,2,125,整租,1500,hangkonggang
锦绣翠园一室一厅800包物业,1,1,60,整租,800,hangkonggang
翠园一室家电齐全 郑大一附院附近 桥航路小学隔壁,1,1,60,整租,900,hangkonggang
豫发大运城蓝山公馆 3室2厅2卫 2800.0元 电梯房,3,2,133,整租,2800,hangkonggang
大马小区一室一厅900，楼层好，采光佳，拎包入住，随时看房,1,1,60,整租,900,hangkonggang
万科四期，拎包 精装三房家具，采光通风好，双气已通,3,2,88,整租,1100,hangkonggang
万科精装三室1400元 地暖新风 家具家电齐全 拎包入住,3,2,98,整租,1400,hangkonggang
蔚来云城(云园) 3室1厅1卫 1800.0元 电梯房 ,3,1,102.3,整租,1800,hangkonggang
精装修，家具家电齐全，拎包入住,2,1,58,整租,750,hangkonggang
安纳西精装三室出租南北通透,3,2,99.3,整租,1500,hangkonggang
蔚来云城云园，富士康e区门口旁，沃金附近，个人自租，无中介费,4,2,12,合租,500,hangkonggang
精装修拎包入住包物业复式里面啥都有首租出租,2,2,60,整租,1600,hangkonggang
豫发白鹭源春晓 出租 南北通透 家具家电齐全 地铁口,3,2,116,整租,2000,hangkonggang
万科精装大三室1300元 家具家电齐全 拎包入住 特干净,3,2,116,整租,1300,hangkonggang
万科直租，精装大三房，两卫 全屋定制 118平，干净卫生,3,2,115,整租,1700,hangkonggang
白鹭源，锦荣广场兰河地铁口200米,3,2,15,合租,500,hangkonggang
蔚来云城云园，富士康e区门口，沃金附个人房东自租，退房退押金,3,2,22,合租,550,hangkonggang
无中介费！富士康k区f区d区航头大厦郑大一附院南区附近,3,1,25,合租,399,hangkonggang
永威南樾禧苑 2室1厅1卫 1100.0元 电梯房 精装修,2,1,86,整租,1100,hangkonggang
郑报二期 精装自住两室 家具家电齐全 交通便利 幼儿园小学近,2,2,87,整租,1300,hangkonggang
安纳西精装修三室领包入住,3,2,99,整租,1600,hangkonggang
锦绣翠园精装两室月租1000家电齐全自住标准紧邻郑大一附院,2,1,90,整租,1000,hangkonggang
大马小区一室一厅900包物业,1,1,60,整租,900,hangkonggang
安纳西庄园小三室精装修,3,2,93,整租,1400,hangkonggang
蓝山公馆洋房小区，精装大三房，家具家电齐全。,3,2,129,整租,2400,hangkonggang
万科幽兰园，精装两房，家具家电齐全拎包入住随时看房,2,2,89,整租,1300,hangkonggang
北港洋房社区，带露台，一梯两户，精装修，指纹密码锁随时看房,3,2,84.1,整租,1600,hangkonggang
融创空港宸院(一期) 3室2厅2卫 2300.0元 电梯房,3,2,128,整租,2300,hangkonggang
锦荣广场 两室两厅一卫 家电齐全拎包入住 1400月,2,2,50,整租,1400,hangkonggang
永威瑞苑 精装两室 三台空调 自助标准 购物方便小区绿化好,2,2,80,整租,1400,hangkonggang
锦绣荷园精装一室一厅850包物业 拎包入住,1,1,60,整租,850,hangkonggang
万科六期整租999 地暖 随时看房 地铁口,3,2,96,整租,1000,hangkonggang
正商宇航名著 复式两室 商住两用 临近公园 地铁口1300月,2,2,44.6,整租,1400,hangkonggang
郑报二期精装两房家具家电齐全拎包入住随时看房,2,2,76,整租,1500,hangkonggang
正弘湖语苑 3室2厅1卫 1500.0元 电梯房 精装修,3,2,89,整租,1500,hangkonggang
正弘中央公园尚文苑，精装修，好户型，地铁口,3,2,89,整租,1200,hangkonggang
安纳西庄园 ，klg区近，个人自租 无中介费。,3,2,15,合租,500,hangkonggang
独立卫生间，安纳西庄园，K.L区近，个人自租无其它费用。,3,2,20,合租,750,hangkonggang
万科直租，精装三房，家具家电齐全，随时看房，地铁口，随时看房,3,2,95,整租,1400,hangkonggang
万科清澜园精装三房，拎包入住交通便利，月1500包物业,3,2,97,整租,1500,hangkonggang
航投大厦，郑大一附院南区！富士康！家具家电齐全拎包入住！,4,1,30,合租,400,hangkonggang
地铁口万科精装1000元 家具家电齐全 拎包入住 随时看房,1,1,40,整租,1000,hangkonggang
正弘碧湖苑 3室1厅1卫 1500.0元 电梯房 精装修,3,1,89,整租,1500,hangkonggang
融创洋房三室1500精装修可以短租，中央空调，家具家电齐全,3,2,105,整租,1500,hangkonggang
正弘尚文苑 3室2厅1卫 1400.0元 电梯房 精装修,3,2,89,整租,1400,hangkonggang
飞机场航空港 精装两房 随时可看房，领包入住！,2,2,90,整租,950,hangkonggang
万科四期，全新精装大三房家具齐全，采光通风好，双气已通,3,2,118,整租,1300,hangkonggang
安纳西庄园，房东直租，退房退押金，主卧,3,2,20,合租,750,hangkonggang
郑报三期 家具家电齐全 周边幼儿园小学 交通便利 郑大一附院,3,2,100,整租,1600,hangkonggang
豪华装修，领包入住，出租,4,2,123,整租,2300,hangkonggang
蔚来云城云园精装三房  紧邻富士康厂区走路上班 1600,3,2,88,整租,1600,hangkonggang
正弘尚文苑 89平3室  简单装修 拎包入住1300,3,2,89,整租,1300,hangkonggang
正弘花语苑，精装两房家具家电齐全拎包入住随时看房,2,2,78,整租,1300,hangkonggang
锦荣广场精装一室一厅  紧邻兰河地铁口 随时看房  1300,1,1,36,整租,1300,hangkonggang
太湖路小学附近精装三室两厅一卫1300包物业 业主诚心出租,3,2,89,整租,1300,hangkonggang
翠园一室家电齐全 郑大一附院附近 桥航路小学隔壁可付一押一,1,1,60,整租,800,hangkonggang
临河复式，精装两房，拎包入住。,2,2,69,整租,1200,hangkonggang
护航路小学 碧湖苑精装三室拎包入住包物业 还有车位随时可以看,3,2,89,整租,1500,hangkonggang
御景园精装三室 边户南北通透 第一次出租无甲醛家电齐全,3,2,93,整租,1300,hangkonggang
正弘棠语苑精装小两室 家电齐全 拎包住月租1200含物业,2,1,76,整租,1200,hangkonggang
富士康旁蔚来云成三室两厅一卫1700包物业 可短租 可短租,3,2,98,整租,1700,hangkonggang
一附院 慈航路小学附近润丰锦尚精装二室1400拎包入住,2,2,93,整租,1400,hangkonggang
永威三期禧园精装三室，中上楼层采光好 连廊通透  品质房源,3,2,107,整租,1500,hangkonggang
御景园精装两室 家电齐全双气 郑大医附院附近 1300含物业,2,2,90,整租,1300,hangkonggang
蔚来云城(云园) 3室2厅1卫 1900.0元 电梯房 ,3,2,94,整租,1900,hangkonggang
永威南樾瑞苑 3室2厅1卫 101平 电梯房 精装修,3,2,101,整租,1500,hangkonggang
蔚来云城颐园精装一室1000家具家电齐全紧邻厂区诚信出租,1,0,45,整租,1000,hangkonggang
大马村一室一厅一厨一卫 紧邻富士康厂区 看房方便 1000包,1,1,60,整租,1000,hangkonggang
尚文苑89小三室精装出租,3,2,89,整租,1400,hangkonggang
正弘尚文苑 三室 全屋定制 家电齐全 临近地铁  公园,3,2,89,整租,1500,hangkonggang
锦荣广场精装一室一厅  紧邻兰河地铁口  1000包物业费,1,1,40,整租,1000,hangkonggang
正弘林语苑  所有东西都可配齐全中上楼层 全天采光 边户,3,2,93,整租,1300,hangkonggang
大马精装120平大三室 自住标准装修 南北通透双气看房方便,3,2,120,整租,1500,hangkonggang
蔚来云城云精装三室1600包物业家电齐全紧邻厂区房东诚信出租,3,2,98,整租,1600,hangkonggang
白鹭源三室 紧邻兰河地铁口实验小学 家电齐全1000包物业费,3,2,92,整租,1100,hangkonggang
万科三期祥润园三室家电齐全 采光无遮挡 拎包住,3,2,89,整租,1300,hangkonggang
裕鸿世界港丽园 2室 花园洋房 精装修1400含物业南北通透,2,2,110,整租,1400,hangkonggang
一附院南院区附近华康一室1000边户南北通透拎包入住,1,1,60,整租,1000,hangkonggang
正弘棠语苑89小三室精装出租,3,2,89,整租,1300,hangkonggang
出租房源，拎包入住，家电齐全， 环境优美。,3,2,126,整租,1500,hangkonggang
蔚来云城颐园精装两室1300包物业可以短租紧邻沃金紧邻E区,2,1,65,整租,1300,hangkonggang
锦荣信息科技园附近 精装两房 可随时入住 带网线,2,1,60,整租,700,hangkonggang
永威南樾瑞园精装两房 家具家电齐全拎包入住  1350包物业,2,2,80,整租,1350,hangkonggang
锦荣广场精装一室 紧邻富士康沃金家家欣 兰河地铁口 1000,1,1,39,整租,1000,hangkonggang
春晓一期 精装三室两卫 家具家电齐全 北站地铁口 一附院旁,3,2,110.7,整租,1600,hangkonggang
永威楠樾一期三室两厅一卫1200 家具家电齐全拎包入住,3,1,90,整租,1200,hangkonggang
小河刘社区 1室1厅 家电齐全 双气兰河公园地铁口 有宽带,1,1,60,整租,1000,hangkonggang
郑报润园一期 精装小三室 南北通透 品牌家具家电 桥航路小学,3,2,93,整租,1500,hangkonggang
中建森林上郡叠拼别墅 四室两厅两卫 临近兴港大厦人力资源,4,2,120.7,整租,1700,hangkonggang
锦荣广场Loft精装两室1300包物业费车位费房东诚信出租,2,1,80,整租,1300,hangkonggang
白鹭园精装两室1400包物业费家具家电齐全紧邻地铁口诚信出租,2,2,90,整租,1400,hangkonggang
蔚来云城颐园精装三室1600包物业紧邻厂区房东诚信出租,3,2,93,整租,1600,hangkonggang
锦尚精装 两室 干净舒适 采光好 1250包含物业费 划算,2,2,93,整租,1250,hangkonggang
尚文苑精装首付出租大三室双卫包物业拎包入住包物业,3,2,127,整租,1700,hangkonggang
一二三中学，暖气房，精装三房，拎包入住,3,2,89,整租,1500,hangkonggang
正弘棠语苑 3室 105平 精装修 配套齐全 1400,3,2,105,整租,1400,hangkonggang
麓林苑精装修三室两厅1300包物业 家电齐全可配置齐全,3,2,89,整租,1400,hangkonggang
蔚来云城云园，富士康e区门口，沃金附近，个人直租无中介费,3,2,16,合租,600,hangkonggang
白鹭源春晓 精装三室两卫 南北通透 周边配套成熟 电梯房暖气,3,2,116.5,整租,1800,hangkonggang
万科二期 三室1300元 干净整洁 实木家具家电 拎包入住,3,2,88,整租,1300,hangkonggang
富士康BE区乘车点黑马培训机构丽园小区免物业水网费,4,1,16,合租,350,hangkonggang
锦荣悦汇城 1室1厅1卫 1200.0元 电梯房 精装修,1,1,50,整租,1200,hangkonggang
房东直组沃金富士康旁蔚来云城,3,1,25,合租,700,hangkonggang
安纳西庄园 3室2厅1卫 1400.0元 电梯房 精装修,3,2,98,整租,1400,hangkonggang
锦荣悦汇城 1室1厅1卫 1200.0元 电梯房 精装修,1,1,47.4,整租,1200,hangkonggang
安纳西庄园 3室2厅2卫 1300.0元 电梯房 精装修,3,2,115.8,整租,1300,hangkonggang
永威南樾瑞苑 3室2厅 精装修 南北通透 配套齐全 1500,3,2,101,整租,1500,hangkonggang
白鹭源 三室两厅一卫 临近兰河地铁口 购物方便850月,3,2,92,整租,1100,hangkonggang
美林苑精装出租大三室又卫干净卫生拎包入住包物业,3,2,127,整租,1700,hangkonggang
富士康蔚来云城三室1700包物业费，精装拎包入住,3,2,93,整租,1700,hangkonggang
融创一期2300包物业，四室两厅。中央空调，随时看房,3,2,107,整租,2300,hangkonggang
豫发大运城蓝山公馆 3室2厅2卫 1600.0元 电梯房,3,2,132,整租,1600,hangkonggang
永威南樾瑞苑1500包物业两室两厅一卫精装修,2,2,80,整租,1500,hangkonggang
融创空港宸院(一期) 3室2厅1卫 2000.0元 电梯房,3,2,105,整租,2000,hangkonggang
安纳西庄园 2室2厅1卫 1500.0元 电梯房 精装修,2,2,84.4,整租,1500,hangkonggang
万科精装修双卫大三房 家具家电齐全 中高楼层 随时看房,3,2,115,整租,1300,hangkonggang
一附院南院区裕鸿学校旁精装大二室1500拎包入住,2,2,90,整租,1500,hangkonggang
航南新城台科普洛斯附近，遵大路郑州一中，三室两厅两卫长期出租,3,2,120,整租,1500,hangkonggang
航空港 飞机场附近 出租两室 租金包含物业 好楼层 随时入住,2,1,60,整租,800,hangkonggang
富士康裕鸿公寓郑大一附院航头大厦旁,4,2,20,合租,500,hangkonggang
正弘中央公园尚文苑，凤凰层，精装修，环境好,3,2,89,整租,1400,hangkonggang
正弘尚文苑 3室2厅1卫 1400.0元 电梯房 精装修,3,2,89,整租,1400,hangkonggang
正弘中央公园尚文苑 精装小三室 双气 家具家电齐全 拎包入住,3,2,89,整租,1300,hangkonggang
山顶御景园精装一室1000，紧邻郑大一附院,1,1,60,整租,1000,hangkonggang
锦绣桂圆一室900，家具齐全，,1,1,60,整租,900,hangkonggang
山顶御景园精装两室1100，家具家电齐全，户型中的天花板,2,1,60,整租,1100,hangkonggang
锦荣广场精装一室1200包物业兰河地铁口旁,1,0,37,整租,1200,hangkonggang
永威南樾瑞苑 3室2厅1卫 电梯房 102平 精装修,3,2,102,整租,1700,hangkonggang
云瓴国际复试两室精装房月租1200，包含物业费车位费可短租,2,1,55.4,整租,1200,hangkonggang
首租，河南省，实验，目送式上学，位置佳，采光非常好,3,1,95,整租,1300,hangkonggang
安纳西庄园 3室2厅1卫 1400.0元 电梯房 精装修,3,2,98,整租,1400,hangkonggang
万科六期定制装修3室1430元 家具齐全 双气拎包入住,3,2,95,整租,1430,hangkonggang
万科地铁口精装三室 家具家电齐全随时可以看房,3,2,88.5,整租,1300,hangkonggang
万科直租，精装三房，家具家电齐全，随时看房，地铁口，随时看房,3,2,95,整租,1430,hangkonggang
地铁口100米 万科精装修三居  家具家电齐全 拎包入住,3,2,88.5,整租,1300,hangkonggang
正弘麓林苑 3室1厅1卫 1300.0元 电梯房 精装修,3,1,89,整租,1300,hangkonggang
安纳西精装三室1600包物业 家具家电齐全拎包入住,3,2,99,整租,1600,hangkonggang
桂圆精装一室慈航路小学隔壁 可付一压一家电齐全,1,1,60,整租,833,hangkonggang
马庄社区一室一厅1100包物业楼层全天采光拎包入住,1,1,60,整租,1100,hangkonggang
正弘碧湖苑 3室2厅1卫 电梯房 89平 精装修,3,2,89,整租,1300,hangkonggang
万科美景魅力之城沐阳园 3室1厅1卫 1350.0元,3,1,89,整租,1350,hangkonggang
精装修，家具家电齐全，拎包入住,3,2,125,整租,1500,hangkonggang
出租房源，拎包入住，家电齐全， 环境优美。,3,2,125,整租,1500,hangkonggang
临近乐佳物流园，小学初中近在咫尺，精装复式两房。,2,2,69,整租,1200,hangkonggang
山顶御景园小两室1100，干净整洁，邻近附属医院港区北站,2,1,60,整租,1100,hangkonggang
融创洋房三室1500精装修可以短租，中央空调，家具家电齐全,3,2,105,整租,1500,hangkonggang
润丰锦尚90平大二室1300包物业,2,1,90,整租,1300,hangkonggang
郑报润园一期精装两室 临近桥航路小学 郑大一附院可短租含物业,2,2,86,整租,1300,hangkonggang
一附院南院区富士康北一室一厅800包物业拎包入住长租可谈,1,1,60,整租,800,hangkonggang
万科直租，精装三房，拎包入住，近地铁学校，随时看房,3,2,89,整租,1260,hangkonggang
（主营港区南港双鹤湖）比亚迪旁房屋租赁,1,1,60,整租,850,hangkonggang
安纳西庄园，富士康klg区附近，房东直租，退房退押金,3,2,12,合租,500,hangkonggang
正商宇航名著 复式两室 临近地铁口 公园 办公 自助都可以,2,2,44.6,整租,1200,hangkonggang
万科精装三室定制装修1300元 家具家电齐全拎包入住,3,2,88.5,整租,1300,hangkonggang
正弘尚文苑，精装修小三房 紧临太湖路小学,3,2,88,整租,1200,hangkonggang
永威南樾瑞苑 3室2厅1卫 电梯房 精装修 88平,3,2,89,整租,1400,hangkonggang
万科六期精装三房，拎包入住，随时看房，实拍图,3,2,96,整租,1000,hangkonggang
正弘尚文苑 精装小三室 两卧朝南 家具家电齐全 太湖路小学旁,3,2,89,整租,1200,hangkonggang
万科一期暖气双气社区 康平湖地铁口200米 近郑大一附院,3,2,88.5,整租,1300,hangkonggang
富士康蔚来云城三室1700包物业费，精装拎包入住,3,2,93,整租,1700,hangkonggang
永威南樾瑞苑1500包物业，两室两厅一卫，精装修随时看房,2,2,80,整租,1500,hangkonggang
融创洋房三室1500精装修可以短租，中央空调，家具家电齐全,3,2,105,整租,1500,hangkonggang
蔚来云城(云园) 3室2厅1卫 1800.0元 电梯房,3,2,101,整租,1800,hangkonggang
永威南樾瑞苑1500包物业两室两厅一卫精装修,2,2,80,整租,1500,hangkonggang
锦荣悦汇城 1室1厅1卫 1200.0元 电梯房 精装修,1,1,47.4,整租,1200,hangkonggang
华康精装一室1000家具家电齐全紧邻郑大一附院房东诚信出租,1,1,60,整租,1000,hangkonggang
家具家电齐全，拎包入住交通方便,2,1,88,整租,950,hangkonggang
和昌盛世城邦馨园 3室2厅2卫 1800.0元 电梯房,3,2,116,整租,1800,hangkonggang
万科直租，领包入住，配套齐全，采光好，近地铁学校,3,2,83.5,整租,1200,hangkonggang
正弘尚文苑 3室2厅1卫 电梯房 精装修 89平,3,2,89,整租,1500,hangkonggang
永威南樾瑞苑 3室2厅1卫 105平 电梯房,3,2,105,整租,1500,hangkonggang
华康精装一室800包物业费家具家电齐全紧邻郑大一附院诚信出租,1,1,60,整租,800,hangkonggang
安纳西庄园 ，klg区近一人住单间，个人自租.,3,2,6,合租,300,hangkonggang
正弘尚文苑 3室2厅1卫 1200.0元 电梯房 精装修,3,2,89,整租,1200,hangkonggang
永威南樾 精装两室 定制柜子 家具家电齐全 全屋地暖交通便利,2,2,80,整租,1400,hangkonggang
万科祥润园，精装三房家具家电齐全拎包入住随时看房,3,2,89,整租,1500,hangkonggang
1000元租万科精装修三居室 总价低 随时看房,3,2,89,整租,1000,hangkonggang
正弘美林苑 3室1厅1卫 1400.0元 电梯房 精装修,3,1,88.8,整租,1400,hangkonggang
正弘湖语苑精装小三室，随时看房,3,2,89,整租,1300,hangkonggang
郑报润园 精装两室 家具家电齐全 交通便利 一附院近航投大厦,2,2,80,整租,1400,hangkonggang
万科美景魅力之城祥润园 3室2厅1卫 1400.0元,3,2,89,整租,1600,hangkonggang
正弘尚文苑精装大三房1700元，拎包入住。,3,2,125,整租,1700,hangkonggang
万科三期精装三房全屋定制家具家电齐全拎包入住随时看房,3,2,89,整租,1500,hangkonggang
正弘美林苑豪华装修三室两卫,3,2,138,整租,1800,hangkonggang
尚文苑精装三室1300包物业拎包入住里面啥都有随时可以看房,3,2,89,整租,1300,hangkonggang
万科美景魅力之城祥润园 3室2厅1卫 1400.0元,3,2,89,整租,1600,hangkonggang
锦荣悦汇城精装一室 紧邻富士康厂区沃金广场地铁口 1200包,1,1,49.1,整租,1200,hangkonggang
正弘愉心苑精装三房 紧邻太湖路小学 密码锁看房方便 1500,3,2,89,整租,1500,hangkonggang
蓝山公馆三室两厅两卫 自住标准 出门实验小学 省立医院,3,2,130,整租,2200,hangkonggang
锦荣广场52平公寓精装修1300家具家电齐全看房方便机场周边,1,0,52,整租,1300,hangkonggang
豫发大运城蓝山公馆 3室2厅2卫 1600.0元 电梯房,3,2,132,整租,1600,hangkonggang
中建森林上郡一期 精装两室 临近护航路小学 兴港大厦 含物业,2,1,76.9,整租,1200,hangkonggang
永威南樾瑞苑三室一卫出租,3,2,89,整租,1500,hangkonggang
航南新城一室一厅，家具家电齐全，拎包入住,1,1,60,整租,700,hangkonggang
锦绣翠园精装一室800包物业费家具家电齐全紧邻地铁口房东急租,1,1,60,整租,800,hangkonggang
锦绣翠园精装两室1000家具家电齐全紧邻地铁口房东急租,2,1,90,整租,1000,hangkonggang
正弘尚文苑三室两厅一卫整租,3,1,89,整租,1300,hangkonggang
国园玖号院精装大三房  紧邻一二二中学地铁口 1900包物业,3,2,115.2,整租,1900,hangkonggang
安纳西庄园 3室2厅2卫 南北通透 电梯房 116平,3,2,116,整租,1600,hangkonggang
白鹭源春晓一期 三室两厅两卫 家电齐全 临近郑大一附院,3,2,122.2,整租,1600,hangkonggang
永威南樾瑞苑 2室2厅1卫 电梯房 精装修 80平,2,2,80,整租,1300,hangkonggang
正商雅庭华府 140平洋房 三室两厅两卫 精装修家电齐全,3,2,136.7,整租,1900,hangkonggang
永威福苑 三室两厅一卫 临近实验小学 全屋定制 包含物业费,3,2,91.8,整租,1400,hangkonggang
永威南樾福苑，大三房，南北通透，交通便利,3,2,131.5,整租,1600,hangkonggang
万科精装三室1000元 双气 三个空调 实木简单家具齐全,3,2,89,整租,1000,hangkonggang
翠湖苑三室两厅两卫出租,3,2,126,整租,1800,hangkonggang
地铁口精装修房子，家具家电齐全拎包入住！,3,2,130,整租,1500,hangkonggang
万科直租，美景魅力之城沐阳园3室2厅2卫，115平，精装修,3,2,115,整租,1000,hangkonggang
锦荣广场公寓复式整租,2,1,57,整租,1700,hangkonggang
仁政嘉园双鹤湖90平三室一厅1000元月简单装修 拎包入住,3,2,90,整租,1000,hangkonggang
双鹤湖仁弘嘉园一室一厅650元月 装修简洁 拎包入住,1,1,60,整租,650,hangkonggang
永威三期 精装 四室两卫 家具家电齐全 交通便利 全屋地暖,4,2,130,整租,2000,hangkonggang
华康小区郑大医附院附近一室一厅可短租三个月边户南北通透,1,1,60,整租,833,hangkonggang
春晓一期精装大三房，紧邻地铁北站郑大一附院，月1500包物业,3,2,110.2,整租,1500,hangkonggang
永威南樾福苑 3室 南北通透  精装修拎包入住1600月,3,2,97,整租,1600,hangkonggang
K.LGF区近，安纳西庄园单间，无中介费。,3,2,12,合租,400,hangkonggang
华康一室一厅租金1000紧邻郑大一附院随时看房拎包入住,1,1,60,整租,1000,hangkonggang
安纳西庄园，K.L.G区近便宜单间，个人自租。支持短租。,3,2,6,合租,300,hangkonggang
永威精装修三房出门学校，公交站,3,2,100,整租,1500,hangkonggang
蔚来云城云园，业主自住标准精装三房，家具家电齐全拎包入住随时,3,2,94,整租,1600,hangkonggang
山顶御和园 3室1厅1卫 18平 南北通透 电梯房,3,1,18,合租,550,hangkonggang
双鹤湖 德智家园手机产业园 60平精装修650月 拎包入住,1,1,60,整租,650,hangkonggang
万科四期精装三室1400包物业家具家电齐全房东诚信出租,3,1,89,整租,1400,hangkonggang
蔚来云城云园，精装大三房，家具家电齐全拎包入住随时看房,3,2,130,整租,2200,hangkonggang
万科二期精装修家具家电齐全拎包入住随时看房,3,2,88,整租,1400,hangkonggang
1100租万科精装修全屋定制衣柜 中高楼层 随时看房第一次租,3,2,89,整租,1100,hangkonggang
安纳西庄园，K.lg区近单间，房东自租。,3,2,15,合租,600,hangkonggang
"蓝山公馆，个人自租，E,F,C,D区近单间。",3,2,16,合租,600,hangkonggang
富士康裕鸿公寓郑大一附院航头大厦旁有暖气,4,1,30,合租,600,hangkonggang
一楼带花园，东西可以配齐，复式，拎包入住。,3,2,110,整租,2200,hangkonggang
蓝山公馆，富士康E.F.C.D区近，个人自租。,3,2,16,合租,500,hangkonggang
安纳西庄园，富士康gkl，沃金退房退押金，房东自租，支持短租,3,2,13,合租,500,hangkonggang
永威三期 精装四室两卫 家具家电齐全 地铁口配套全 全屋地暖,4,2,125,整租,2300,hangkonggang
安纳西庄园，富士康K.L.区近，个人自租。,3,2,10,合租,500,hangkonggang
和昌沁园 一楼花园 地下室 洋房 复式 可配齐,3,2,110,整租,2200,hangkonggang
安纳西庄园，富士康K.L区近，房东自租,3,2,12,合租,500,hangkonggang
步行富士康 房东自住 没有其他费用,3,2,12,合租,500,hangkonggang
富士康沃金旁蔚来云城房东直出,3,1,25,合租,700,hangkonggang
正弘尚文苑 3室 精装修 89平 配套齐全 拎包入住1400,3,2,89,整租,1400,hangkonggang
裕鸿丽园，130精装大三房，南北通透，全屋定制衣柜！,3,2,130,整租,1300,hangkonggang
永威南樾一期 精装自住标准 三室两卫 家具家电齐全 交通便利,3,2,132,整租,2000,hangkonggang
管委会附近精装，第一次出租，两室，拎包入住,2,2,69,整租,1200,hangkonggang
双气 中央空调 第一次出租 自住标准 拎包入住,2,2,69,整租,1200,hangkonggang
白鹭源春晓，地铁口1300包物业费.领包入住随时看房,3,1,89,整租,1300,hangkonggang
蔚来云城(云园) 3室2厅1卫 1800.0元 电梯房,3,2,101,整租,1800,hangkonggang
蓝山公馆洋房1600带露台，精装修，领包入住,3,2,84.1,整租,1600,hangkonggang
正弘花语苑 3室2厅1卫 1400.0元 电梯房 精装修,3,2,89,整租,1400,hangkonggang
万科精装修湖景房 家具家电齐全 楼层视野好 随时看房,3,2,89,整租,1000,hangkonggang
永威南樾瑞苑 3室2厅1卫 精装修 101平 电梯房,3,2,101,整租,1500,hangkonggang
永威南樾二期 精装三室 家具家电齐全 全屋地暖 交通便利,3,2,101,整租,1500,hangkonggang
裕鸿世界港丽园 2室2厅1卫 电梯房 精装修 配套齐全,2,2,106,整租,1400,hangkonggang
永威南樾瑞苑 3室2厅1卫 精装修 99平 电梯房,3,2,99,整租,1500,hangkonggang
正弘湖语苑新房出租,3,2,89.9,整租,1400,hangkonggang
万科直租，精装三房，家具家电齐全，随时看房，地铁口，随时看房,3,2,88,整租,1300,hangkonggang
房东直出蔚来云城一人便宜好单间富士康旁,3,1,8,合租,350,hangkonggang
正弘尚文苑 3室1厅1卫 1350.0元 电梯房 精装修,3,1,89,整租,1350,hangkonggang
"蓝山公馆，富士康E,F,区近，支持短租 个人自租。",3,2,20,合租,600,hangkonggang
永威瑞苑精装三室1700，家具家电齐全,3,2,100,整租,1700,hangkonggang
安纳西三室1500，可短租，可短租,3,2,97,整租,1500,hangkonggang
山顶御景园精装三室两厅1300，家具家电齐全,3,2,88,整租,1300,hangkonggang
正弘美林苑精装三室1500，家具家电齐全,3,2,89,整租,1500,hangkonggang
小河刘一室1000，年付优惠，拎包入住,1,1,60,整租,1000,hangkonggang
正弘愉心苑三室1100，家具齐全,3,2,88,整租,1100,hangkonggang
安纳西庄园，k.lg区近，个人自租没中介费。,3,2,12,合租,500,hangkonggang
蔚来云城(云园) 3室2厅1卫 配套齐全 20平 精装修,3,2,20,合租,700,hangkonggang
富士康厂区附近带大阳台房间出租,4,3,40,合租,600,hangkonggang
正弘麓林苑 三室两厅一卫 家电齐全拎包入住 1400含物业费,3,2,89,整租,1400,hangkonggang
正弘麓林苑精装三室两卫边户全屋节能家电婚房无甲醛四台空调,3,2,117,整租,1500,hangkonggang
万科美景魅力之城沐阳园 89南北通透三房 精装修 配套齐全,3,2,89,整租,1200,hangkonggang
装修好婚房，出租，带地暖，,3,2,89,整租,1400,hangkonggang
安纳西庄园 3室2厅1卫 1500.0元 电梯房 精装修,3,2,93.9,整租,1500,hangkonggang
富士康 家家欣旁蔚来云成云园精装三室1600包物业 拎包入住,3,2,102.4,整租,1600,hangkonggang
富士康 蔚来云成颐园精装三室两厅一卫1600包物业费,3,2,93,整租,1600,hangkonggang
万科旁大三室中间楼层采光好 拎包入住随便可以看房,3,2,125,整租,1600,hangkonggang
郑报润园 简装三室 家具家电齐全 拎包入住 双气 随时看房,3,1,92,整租,1400,hangkonggang
蔚来云成颐园二室一厅1400包物业 小屋可以换大床,2,1,65,整租,1400,hangkonggang
精装三房，复式，动静分离，拎包入住,3,2,89,整租,1600,hangkonggang
永威南樾瑞苑 3室 101平 精装修 拎包入住1500,3,2,101,整租,1500,hangkonggang
永威南樾瑞苑 2室 73平  精装修 拎包入住1200,2,2,73,整租,1200,hangkonggang
精装修拎包入住，家具家电齐全，门口有小学初中有地铁，管委会旁,3,2,89,整租,1600,hangkonggang
万科地铁口，豪华装修三房，商业成熟，户型方正,3,2,88,整租,1300,hangkonggang
万科精装3室1200元 家具家电齐全 拎包入住 随时看房,3,2,89,整租,1200,hangkonggang
永威瑞苑 两室两厅一卫 家电齐全拎包入住1350含物业费,2,2,80,整租,1350,hangkonggang
太湖路小学旁正弘美林苑精装三室边户南北通透现代简约风没有主灯,3,2,126,整租,1900,hangkonggang
锦绣御园一室 华鸿宿舍北 月租八百 可短租 边户干净明亮,1,1,60,整租,900,hangkonggang
富士康旁蔚来云成颐园精装二室1400,2,1,65,整租,1400,hangkonggang
豫发白鹭源 两室 家电齐全 临近兰河地铁口 购物方便1050,2,2,92,整租,1200,hangkonggang
万科六期精装三室 地暖 密码锁看房方便随时入住,3,2,95,整租,1430,hangkonggang
永威南樾瑞苑 3室 102平 精装修 拎包入住1700,3,2,102,整租,1700,hangkonggang
万科美景魅力之城1580包物业，三室两厅一卫,3,2,89,整租,1580,hangkonggang
正弘棠语苑精装小三室，采光好随时看房,3,2,89,整租,1300,hangkonggang
蔚来云城云园，富士康，沃金附近，支持短租，房东直租,3,2,12,合租,500,hangkonggang
永威南樾瑞园，精装三房，家具家电齐全拎包入住随时看房,3,2,85,整租,1500,hangkonggang
正弘美林苑精装127平出租,3,2,126,整租,1900,hangkonggang
永威精装修自住标准，两房，出门实验小学，地铁口,2,2,80,整租,1400,hangkonggang
安纳西庄园 三室两厅两卫 家电齐全拎包入住1500月,3,2,115.2,整租,1600,hangkonggang
万科三期祥润园，精装三房家具家电齐全拎包入住随时,3,2,86,整租,1400,hangkonggang
安纳西庄园 3室2厅2卫 1700.0元 电梯房 ,3,2,115.6,整租,1700,hangkonggang
万科二期降价急租1300康平湖地铁口200米,3,2,88,整租,1300,hangkonggang
山顶御景园 2室1厅1卫 1200.0元 电梯房,2,1,60,整租,1200,hangkonggang
正弘尚文苑 89平3室 精装修 配套齐全 拎包入住1200,3,2,89,整租,1200,hangkonggang
永威南樾瑞苑 3室2厅1卫 精装修 88平 电梯房,3,2,88,整租,1300,hangkonggang
永威南樾 精装三室 连通大阳台 家具家电齐全 交通便利拎包住,3,2,88,整租,1300,hangkonggang
万科直租，领包入住，配套齐全，看房效果好，近地铁学校,3,2,98,整租,1500,hangkonggang
融创空港宸院(一期) 4室2厅2卫 2300.0元 电梯房,4,2,144,整租,2300,hangkonggang
正弘中央公园尚文苑，纯南户，地铁口，小学,3,2,89,整租,1200,hangkonggang
地铁口湖语苑精装三室拎包入住包物业采光好随时可以看房,3,2,89.9,整租,1400,hangkonggang
永威南樾瑞苑，精装两房家具家电齐全拎包入住随时看房,2,2,80,整租,1500,hangkonggang
荷园一室一厅 郑大医附院 可短租 833长租此价位还可谈,1,1,60,整租,750,hangkonggang
万科紫云园 三室 四台空调 拎包入住 1300包含物业费,3,2,89,整租,1300,hangkonggang
蓝山公馆精装双卫大三房，家具家电齐全拎包入住随时看房,3,2,133,整租,2000,hangkonggang
含物业，随时看房，永威品质好房出租，家具家电齐全生活方便,2,2,80,整租,1400,hangkonggang
蓝山公馆，精装双卫大三房，家具家电齐全拎包入住随时看房,3,2,133,整租,2400,hangkonggang
正弘尚文苑精装修89平出租,3,2,89,整租,1200,hangkonggang
永威南樾瑞苑 2室 配套齐全 精装修 拎包入住1400,2,2,80,整租,1400,hangkonggang
正弘美林苑精装修三室出租,3,2,88.8,整租,1400,hangkonggang
全屋定制衣柜，家具家电齐全，拎包入住，房子干净整齐，随时看房,3,2,101,整租,1800,hangkonggang
豫发白鹭源春晓2期 2室1厅1卫 1500.0元 电梯房,2,1,75,整租,1500,hangkonggang
北港洋房社区省文体中心一路之隔，全屋定制衣柜，中央空调,3,2,107,整租,2300,hangkonggang
蔚来云城颐园 三室两厅一卫 全屋定制 临近富士康 沃金商业,3,2,93,整租,1800,hangkonggang
家具家电齐全，拎包入住,2,1,58,整租,700,hangkonggang
蔚来云城(云园) 3室2厅2卫 2300.0元 电梯房 ,3,2,130.8,整租,2500,hangkonggang
锦绣御园一室 华鸿宿舍北  可短租 边户干净明亮,1,1,60,整租,833,hangkonggang
郑大一附院近的小区，指纹密码锁随时看房，房间干净整齐,3,2,125,整租,1600,hangkonggang
白鹭源春晓精装大三房   紧邻郑大一附院兴港大厦 周边配套齐,3,2,122.2,整租,1600,hangkonggang
名门郡景精装三房 出租 护航路小学一路之隔 月1000,3,2,88,整租,1000,hangkonggang
永威南樾禧苑 精装四室 家具家电齐全 锦荣悦汇城近 交通便利,4,2,129,整租,2500,hangkonggang
永威三期 精装三室 全屋地暖 家具家电齐全 地铁口锦荣沃金近,3,2,101,整租,1500,hangkonggang
小河刘一室一厅1000，照片真是，干净整洁，拎包入住,1,1,60,整租,1000,hangkonggang
蓝山公馆，e.fc区近，可短租，无中介费。,3,2,15,合租,500,hangkonggang
双气 好楼层 南北通透 精装修 干净齐全 拎包入住,3,2,89,整租,1500,hangkonggang
永威南樾瑞苑 2室2厅1卫 精装修 80平 电梯房,2,2,80,整租,1300,hangkonggang
云瓴国际 三室两厅两卫 家电齐全 临近郑大一附院 兴港大厦,3,2,55.4,整租,1100,hangkonggang
蔚来云城云园，个人自租，沃金附近，富士康e区门口旁，,3,2,20,合租,650,hangkonggang
正弘中央公园湖语苑，临康平湖，地铁口，顶楼视野好,3,2,89,整租,1300,hangkonggang
春晓两房精装修紧临省立医院，出门丹尼斯超市,2,2,71.8,整租,1400,hangkonggang
正弘美林苑精装小三室,3,2,89,整租,1200,hangkonggang
万科三期祥润园，精装大三房家具家电齐全拎包入住随时看房,3,2,115,整租,1700,hangkonggang
锦荣广场精装修公寓月租1100含物业可短租，可付一押一,1,0,37,整租,1100,hangkonggang
正弘中央公园愉心苑，精装修，好楼层，临湖,3,2,89,整租,1500,hangkonggang
玖号园三室两厅两卫精装租金1700，随时看房拎包入住,3,2,125,整租,1700,hangkonggang
万科二期一室一厅 地铁口200米,1,1,40,整租,1000,hangkonggang
包含物业费，随时看房，家具家电齐全，拎包入住，干净,3,2,89,整租,1500,hangkonggang
第一次出租 一梯一户 精装修  三室两厅两卫 拎包入住,3,2,89,整租,1600,hangkonggang
永威南樾福苑，南北通透大三房，家电齐全，近地铁口,3,2,97.7,整租,1500,hangkonggang
锦绣御园精装一室1000紧邻地铁口华鸿宿舍北边紧邻E.F区,1,1,60,整租,1000,hangkonggang
永威南樾一期 精装小三室 南北通透 家具家电齐全 实验学校对,3,2,97.7,整租,1500,hangkonggang
家具家电齐全拎包入住！,2,2,90,整租,1000,hangkonggang
北港洋房社区融创空港宸院，精装修全屋定制，S次出租,3,2,105,整租,2500,hangkonggang
"蓝山公馆 ，主卧独卫E,F,C区近，个人自租无中介费。",3,2,30,合租,750,hangkonggang
正弘美林苑精装三房家具家电齐全拎包入住随时看房,3,2,89,整租,1500,hangkonggang
蓝山公馆，富士康e区门口旁，个人直租，退房退押金,3,2,22,合租,800,hangkonggang
大马精装修一室一厅拎包入住，紧临富士康，出门小学,1,1,59,整租,1000,hangkonggang
春晓一期 精装三室两卫 家具家电齐全 港区北站地铁口近有暖气,3,2,110,整租,1800,hangkonggang
锦荣广场 2室2厅1卫 配套齐全 精装修复式公寓1500月,2,2,43,整租,1500,hangkonggang
富士康F区旁，蓝山公馆小区单间，免费停车！,3,2,20,合租,500,hangkonggang
山顶御和园 5室1厅 电梯房 18平 精装修,5,1,18,合租,450,hangkonggang
翠湖苑1700包物业费大三室拎包入住精装修新房属首租随时看房,3,2,125,整租,1700,hangkonggang
双鹤湖外国语仁政嘉园60平一室一厅700元月精装修拎包入住,1,1,60,整租,700,hangkonggang
正弘尚文苑，个人自租，押一付一，支持短租，退房退押金,3,2,16,合租,400,hangkonggang
郑报二期 精装三室两卫 定制衣柜 郑大一附院近交通便利包物业,3,2,130.5,整租,1800,hangkonggang
梅河东边，暖气精装三房，拎包入住，自住标准装修，随时看房。,3,2,128,整租,2500,hangkonggang
安纳西庄园，步行富士康K.L区一个人住单间。,3,2,7,合租,350,hangkonggang
永威二期 精装三室 家具家电齐全 全屋地暖 交通便利锦荣广场,3,2,105,整租,1500,hangkonggang
安纳西庄园，一个人住小单间，K.L区近。,3,2,6,合租,300,hangkonggang
测绘学院旁双气四室，1800包物业，拎包入住，管委会旁,4,2,130,整租,1800,hangkonggang
永威二期 全屋定制衣柜 精装两室 锦荣悦汇城直线 交通便利,2,2,80,整租,1300,hangkonggang
白鹭源，兰河公园地铁口旁，房东自租,3,2,16,合租,500,hangkonggang
只租女生！沃金附近 蓝山公馆单间 富士康E区F区旁边,3,2,15,合租,500,hangkonggang
富士康沃金有暖气蔚来云城主卧出租,3,1,20,合租,600,hangkonggang
山顶御和园 5室0厅2卫 850元月 配套齐全 南北通透,5,0,25,合租,900,hangkonggang
万科美景魅力之城榭香园 3室2厅1卫 电梯房 配套齐全,3,2,89.2,整租,1000,hangkonggang
正弘尚文苑 89平3室 新房首租 简单装修 1300,3,2,89,整租,1300,hangkonggang
正弘尚文苑 3室2厅2卫 125平 精装修 拎包入住1600,3,2,125,整租,1600,hangkonggang
正弘尚文苑 3室 87平 精装修 配套齐全 拎包入住1300,3,2,87,整租,1300,hangkonggang
汗点房2号地铁口1300包物业林语苑边户三室采光好湖景房,3,2,93,整租,1300,hangkonggang
万科美景魅力之城清澜园 3室2厅1卫 南北通透 配套齐全,3,2,95,整租,1200,hangkonggang
万科直租，精装三房，家具家电齐全，随时看房，地铁口，随时看房,3,2,89,整租,1300,hangkonggang
豫发白鹭源春晓2期 2室1厅1卫 1500.0元 电梯房,2,1,75,整租,1500,hangkonggang
正弘碧湖苑 3室2厅1卫 1500.0元 电梯房 精装修,3,2,88,整租,1500,hangkonggang
正弘豪华装修，全屋定制衣柜，智能马桶，指纹密码锁，随时看房,3,2,89,整租,2000,hangkonggang
云岭国际复试精装两室两卫1300包物业车位费紧邻郑大一附院,2,2,55.4,整租,1300,hangkonggang
南港和昌2室两厅两卫，精装，中央空调，地暖。家电齐全，拎包入,2,2,69,整租,1100,hangkonggang
南港裕丰社区三室两厅长期出租，全屋壁布，自住标准，价格可谈,3,2,120,整租,1500,hangkonggang
免暖气费富士康沃金商业街旁蔚来云城房东直住,3,1,30,合租,650,hangkonggang
沃金商业街富士康EF区旁蔚来云城,4,1,20,合租,500,hangkonggang
正弘尚文苑 3室1厅1卫 1350.0元 电梯房 精装修,3,1,89,整租,1350,hangkonggang
正弘尚文苑 三室两厅一卫 临近公园地铁 太湖路小学 家电齐全,3,2,89,整租,1355,hangkonggang
正弘尚文苑 3室1厅1卫 1350.0元 电梯房 精装修,3,1,89,整租,1350,hangkonggang
万科美景魅力之城榭香园 3室2厅1卫 88平 电梯房,3,2,88.5,整租,1300,hangkonggang
马庄精装一室一厅1100包物业，家具家电齐全,1,1,60,整租,1100,hangkonggang
华康一室1000，家具家电齐全，紧邻B区,1,1,60,整租,1000,hangkonggang
白鹭园春晓精装三室1500包物业，家具家电齐全，,3,2,90,整租,1600,hangkonggang
山顶御景园两室1100，家具齐全，拎包入住,2,1,60,整租,1100,hangkonggang
永威福苑三室两厅两卫1500，家具家电齐全,3,2,130,整租,1500,hangkonggang
美创 遵大路地铁站口 60平精装修拎包入住800有地暖,1,1,60,整租,800,hangkonggang
富士康厂区近小区一房一卫一厨单间,4,2,30,合租,680,hangkonggang
桂园一室一厅精装租金900随时看房拎包入住,1,1,60,整租,900,hangkonggang
御景园两室两厅精装租金1100紧邻郑大一附院随时看房拎包入住,2,1,60,整租,1100,hangkonggang
万科一期配置齐全 有电视 近郑大一附院丹尼斯  实拍图,3,2,88.5,整租,1300,hangkonggang
万科四期湖景房   全明户型，家具家电齐全  拎包入住出租,3,2,89,整租,1000,hangkonggang
万科四期精装三房出租，南北通透湖景房。实拍图，可以随时看房,3,2,89,整租,1200,hangkonggang
万科美景魅力之城祥润园 3室2厅1卫 1400.0元,3,2,89.3,整租,1400,hangkonggang
正弘美林苑128平大三室精装出租1200元月,3,2,127,整租,1200,hangkonggang
安纳西庄园 3室2厅2卫 1300.0元 电梯房 精装修,3,2,115.8,整租,1300,hangkonggang
正弘尚文苑 3室2厅1卫 1500.0元 电梯房 精装修,3,2,89,整租,1500,hangkonggang
万科精装修南北通透三居 三个卧室有配套 随时看房,3,2,89,整租,1000,hangkonggang
万科美景魅力之城祥润园 3室1厅1卫 1300.0元,3,1,89,整租,1500,hangkonggang
云翎国际两室两卫，郑大医附院 兴港大厦1300包物业车位,2,1,55.4,整租,1300,hangkonggang
蔚来云城颐园精装边户两室1400包物业家具家电齐全紧邻厂区,2,1,70,整租,1400,hangkonggang
精装修拎包入住，环境优美，门口有小学初中，地铁，管委会附近,3,2,128,整租,1800,hangkonggang
锦荣广场机场旁公寓精装修1200包物业家电齐全紧邻地铁口,1,0,37,整租,1200,hangkonggang
万科幽兰园，精装三房，全屋定制家电齐全拎包入住随时看房,3,2,88,整租,1500,hangkonggang
融创空港宸院(一期) 3室2厅1卫 2000.0元 电梯房,3,2,105,整租,2000,hangkonggang
万科美景魅力之城祥润园 3室2厅1卫 1500.0元,3,2,89,整租,1500,hangkonggang
和昌二期地铁口旁，89平复式三室两厅两卫，有地暖！,3,2,89,整租,1600,hangkonggang
白鹭源精装两房 紧邻兰河地铁口实验小学 周边配套齐全1200,2,2,92,整租,1200,hangkonggang
云瓴国际精装两房两卫，家具家电齐全拎包入住随时看房,2,2,55.5,整租,1300,hangkonggang
和昌盛世城邦茗园(公寓住宅) 3室2厅2卫 89平 精装修,3,2,89,整租,1500,hangkonggang
（主营港区南港双鹤湖）比亚迪旁房屋租赁,3,2,120,整租,1800,hangkonggang
融创一期精装三室两厅一卫1500,3,2,105,整租,1500,hangkonggang
永威南樾三期 精装三室两卫 两卧朝南 兰河公园地铁口锦荣广场,3,2,118,整租,1900,hangkonggang
物业直租，万科二期地铁口，精装三房，拎包入住，实拍图。,3,2,88,整租,1300,hangkonggang
永威瑞园精装两房，紧邻实验小学地铁口，周边配套齐全1400包,2,2,80,整租,1400,hangkonggang
安纳西庄园 3室2厅2卫 1300.0元 电梯房 精装修,3,2,115.8,整租,1300,hangkonggang
安纳西精装三房  紧邻富士康厂区走路上班 1500长租可谈,3,2,95.5,整租,1500,hangkonggang
万科直租，领包入住，近地铁学校，随看房，业主诚心出租,3,2,96,整租,1000,hangkonggang
御景园精装三室 边户南北通透 第一次出租无甲醛家电齐全,3,2,110,整租,1300,hangkonggang
万科美景魅力之城幽兰园 3室2厅1卫 电梯房 88平,3,2,88,整租,1500,hangkonggang
正弘碧湖苑 3室1厅1卫 1500.0元 电梯房 精装修,3,1,89,整租,1500,hangkonggang
大运城白鹭源，兰河公园地铁口旁，房东直租,3,2,20,合租,400,hangkonggang
永威福苑 两室家电齐全拎包入住 临近实验小学 地铁口含物业费,2,2,87.8,整租,1400,hangkonggang
永威南樾福苑，南北通透，交通便利,3,2,97,整租,1300,hangkonggang
永威瑞苑 三室两厅一卫 全屋定制 购物方便 1600含物业费,3,2,89,整租,1600,hangkonggang
万科幽兰园，豪华定制装修三房1300，家具齐全，近地铁学校,3,2,88,整租,1300,hangkonggang
距离沃金商业广场，富士康近的小区，精装修订制衣家具家电齐全,3,2,94.1,整租,1600,hangkonggang
万科直租，领入住，家具家电齐全，随时看房,3,2,98,整租,1400,hangkonggang
正弘中央公园尚文苑，可办公，可入住，近学校，地铁口,3,2,89,整租,1100,hangkonggang
桂圆一室一厅 家电齐全 南北通透全新装修 干净整洁,1,1,60,整租,900,hangkonggang
正弘尚文苑 三室两厅一卫 拎包入住临近太湖路小学 地铁口,3,2,88,整租,1200,hangkonggang
永威南樾禧苑 4室2厅2卫   精装修 拎包入住2500,4,2,129,整租,2500,hangkonggang
万科美景魅力之城祥润园 3室2厅1卫 89平 电梯房,3,2,89,整租,1200,hangkonggang
白鹭园精装三室，两卧室朝南双阳台家电齐全 1300含物业,3,2,90,整租,1300,hangkonggang
包物业费湖语苑地铁口房 出租随时可以看房拎包入住,3,2,89,整租,1400,hangkonggang
春晓精装两房  全屋定制紧邻地铁口郑大一附院 1500包物业,2,2,71.8,整租,1400,hangkonggang
豫发国园，精装双卫大三房家具家电齐全拎包入住随时看房,3,2,138,整租,2000,hangkonggang
蔚来云城云园三室精装修出租,3,2,94,整租,1700,hangkonggang
安纳西2室一厅1300，照片真实，干净整洁，拎包入住,2,2,86,整租,1300,hangkonggang
安纳西两室两厅1500，楼层好采光佳，干净整洁，邻近富士康,2,3,87,整租,1400,hangkonggang
永威南樾禧苑 2室2厅1卫 1500.0元 电梯房 精装修,2,2,86,整租,1500,hangkonggang
楼下1000米地铁口,3,1,98,整租,1400,hangkonggang
融创空港宸院(一期) 3室2厅1卫 1800.0元 电梯房,3,2,105,整租,1800,hangkonggang
蔚来云城云园，精装双卫大三房家具家电齐全拎包入住随时,3,2,130,整租,2500,hangkonggang
郑州航空港区，和昌盛世城邦，管委会附近，领航学校旁，门口有地,3,2,128,整租,2000,hangkonggang
安纳西两室两厅租金1300紧邻厂区随时看房拎包入住,2,2,86,整租,1300,hangkonggang
正弘美林苑 3室2厅2卫 1800.0元 电梯房 精装修,3,2,138,整租,1800,hangkonggang
郑州航空港，精装修拎包入住，管委会附近，园博园旁,3,2,89,整租,1500,hangkonggang
永威南樾瑞苑 2室2厅1卫 80平 精装修 拎包入住1300,2,2,80,整租,1300,hangkonggang
正弘美林苑精装3室，随时看房,3,2,89.9,整租,1500,hangkonggang
带物业费，住北港洋房社区，有电视，全屋中央空调，家具家电齐全,3,2,105,整租,2000,hangkonggang
尚文苑1300精装三室两厅拎包入住包物业拎包入住随时可以看房,3,2,89,整租,1350,hangkonggang
永威二期 精装两室 家具家电齐全 生活商超配套齐全 拎包入住,2,2,80,整租,1300,hangkonggang
和昌盛世城邦福园 2室2厅2卫 69平 电梯房 精装修,2,2,69,整租,1300,hangkonggang
正弘美林苑 三室 家电齐全 临近太湖路小学 1400包含物业,3,2,89,整租,1400,hangkonggang
洋房出租 双气社区万科物业 有钥匙看房方便随时入住,3,2,120,整租,1700,hangkonggang
中建森林上郡一期精装两房 护航路小学一路  1200包物业费,2,2,76.9,整租,1200,hangkonggang
正弘棠语苑89精装小三室1300包物业,3,2,89,整租,1300,hangkonggang
永威南樾福苑 97平3室 南北通透 精装修 拎包入住1500,3,2,97.7,整租,1500,hangkonggang
安纳西庄园，K.L区近，无中介费，带空调单间。,3,1,15,合租,500,hangkonggang
精装修拎包入住，三房两卫。,3,2,88,整租,1500,hangkonggang
春晓一期精装双卫大三房家具家电齐全拎包入住随时看房,3,2,116,整租,2000,hangkonggang
郑报润园一期，郑大一附院附近，个人自租，无中介费,4,2,14,合租,400,hangkonggang
正弘尚文苑89小三室1350包物业,3,2,89,整租,1350,hangkonggang
蔚来云城云园，富士康efc，沃个人自租，无中介费，退房退押金,3,2,16,合租,550,hangkonggang
郑报润园 精装三室两卫 南北通透 交通便利 家具家电齐全,3,2,114,整租,1550,hangkonggang
万科直租，精装三房，地暖通铺，双气已通,3,2,95,整租,1000,hangkonggang
御景园两室一厅精装租金1100紧邻郑大一附院随时看房拎包入住,2,1,60,整租,1100,hangkonggang
正弘翠湖苑精装修出租拎包入住包物业边户三室采光好中间层,3,2,102,整租,1500,hangkonggang
尚文苑精装三室拎包入住包物业随时新房首租采光好,3,2,89,整租,1500,hangkonggang
棠语苑精装三室拎包入住1300包物业费随时可以看房长租更优,3,2,89,整租,1300,hangkonggang
永威三期 精装四室两卫 自住标准 家具家电齐全 全屋地暖,4,2,140,整租,2300,hangkonggang
春晓一期 精装两室 家具家电齐全 电梯房 港区北站近拎包入住,2,2,71.8,整租,1500,hangkonggang
郑报润园 精装三室 家具家电齐全 交通便利 配套成熟 一附院,3,2,90,整租,1300,hangkonggang
永威福苑精装三房，紧邻实验小学地铁口，1400包物业费,3,2,91.8,整租,1400,hangkonggang
马庄安置区 房东直租  南北通透 60平 精装修可短租,1,1,60,整租,1100,hangkonggang
万科紫云园，精装大三房家具家电齐全拎包入住随时看房,3,2,118,整租,1600,hangkonggang
兴瑞汇金明 明新高中 乐佳物流园旁120平拎包入住1200,3,2,120,整租,1200,hangkonggang
仁政嘉园湖景房60平一室一厅精装修700元月 拎包入住,1,1,60,整租,700,hangkonggang
航空港 飞机场 乐佳物流园 台科附近两房 随时领包入住,2,1,60,整租,650,hangkonggang
尚文苑愉心苑旁1400精装修拎包入住包物业随时看房家具家电全,3,2,89,整租,1400,hangkonggang
永威三室两厅两卫租金1400紧邻地铁学校随时看房拎包入住,3,2,131,整租,1500,hangkonggang
万科三期精装修三房，紧临省立医院,3,2,80,整租,1500,hangkonggang
可短租，月付！富士康！郑大一附院南区！黑马培训机构,4,1,40,合租,450,hangkonggang
万科四期，精装三房不等家具，采光通风好，双气已通,3,2,89,整租,1000,hangkonggang
"安纳西庄园,k.l.g区近单间，没有中介费。",3,2,15,合租,500,hangkonggang
云瓴两室，临近郑大一附院兴港大厦交通便利，月1200包物业,2,2,55.5,整租,1200,hangkonggang
白鹭源，兰河地铁口，房东自租。,3,2,30,合租,600,hangkonggang
润丰锦尚精装两室1300家具家电齐全紧邻厂区紧邻学校,2,2,93,整租,1300,hangkonggang
安纳西庄园，步行富士康K.L.G区近，没有中介费。,3,2,15,合租,500,hangkonggang
山顶御和园 精装单间 南北通透 电梯房 18平,5,1,18,合租,600,hangkonggang
富士康旁蔚来云城便宜单间,3,1,15,合租,450,hangkonggang
山顶御和园 4室1厅1卫 18平 南北通透 电梯房,4,1,18,合租,650,hangkonggang
房东直出富士康旁蔚来云城单间出租,3,1,30,合租,600,hangkonggang
乐佳物流旁  中央空调 精装修出租 69复式两室两厅两卫,2,2,69,整租,1200,hangkonggang
万科地铁口精装三室 家具家电齐全随时可以看房,3,2,95,整租,1430,hangkonggang
锦荣广场 精装一室 临近兰河地铁口 民用水电 900月,1,1,40,整租,1000,hangkonggang
太湖路小学附近 尚文苑精装三室两厅一卫1500拎包入住,3,2,89,整租,1500,hangkonggang
永威南樾瑞苑 2室2厅1卫 配套齐全 拎包入住1300,2,2,78,整租,1300,hangkonggang
正弘尚文苑 3室 89平 配套齐全 精装修 拎包入住1500,3,2,89,整租,1500,hangkonggang
永威南樾瑞苑 3室2厅1卫 南北通透 精装修 1500,3,2,99,整租,1500,hangkonggang
永威南樾瑞苑 3室2厅1卫  配套齐全 拎包入住1500,3,2,87,整租,1500,hangkonggang
永威南樾禧苑 3室2卫 116平 精装全屋定制2100,3,2,116,整租,2100,hangkonggang
永威南樾瑞苑 3室 精装修 88平 拎包入住1400,3,2,88,整租,1400,hangkonggang
锦荣悦汇城 一室一厅一厨一卫 家电齐全拎包入住 临近富士康,1,1,40,整租,1200,hangkonggang
万科直租，精装大三房，家具家电齐全，随时看房，地铁口，,3,2,115,整租,1300,hangkonggang
融创空港宸院(一期) 3室2厅1卫 1800.0元 电梯房,3,2,105,整租,1800,hangkonggang
万科美景魅力之城祥润园 3室1厅1卫 1300.0元,3,1,89,整租,1500,hangkonggang
安纳西庄园 3室2厅2卫 1300.0元 电梯房 精装修,3,2,115.8,整租,1300,hangkonggang
永威南樾瑞苑1500包物业，两室两厅一卫，精装修随时看房,2,2,80,整租,1500,hangkonggang
润丰锦尚精装三室自住标准装修1800 包物业 长租可谈价格,3,2,113.1,整租,1800,hangkonggang
正弘尚文苑精装三房 太湖路小学中央公园一路之隔  1300包,3,2,89,整租,1300,hangkonggang
正弘尚文苑 3室2厅1卫 89平 电梯房 精装修,3,2,89,整租,1400,hangkonggang
正弘尚文苑 3室2厅1卫 1400.0元 电梯房 精装修,3,2,89,整租,1400,hangkonggang
正弘尚文苑 3室1厅1卫 1350.0元 电梯房 精装修,3,1,89,整租,1350,hangkonggang
正弘尚文苑 3室1厅1卫 1350.0元 电梯房 精装修,3,1,89,整租,1350,hangkonggang
安纳西两室1300家具家电齐全,2,2,85,整租,1400,hangkonggang
安纳西精装三室南北通透1500，家具家电齐全,3,2,99,整租,1500,hangkonggang
九号院精装三室两厅两卫1700，家具家电齐全,3,2,125,整租,1700,hangkonggang
安纳西两室1300，家具家电齐全，拎包入住,2,2,86,整租,1300,hangkonggang
安纳西精装两室1400，家具齐全 紧邻厂区,2,2,87,整租,1400,hangkonggang
正弘美林苑精装三室两厅两卫1500，家具家电齐全,3,2,127,整租,1500,hangkonggang
正弘尚文苑 3室2厅2卫 1600.0元 电梯房 精装修,3,2,125,整租,1600,hangkonggang
1正弘林语苑1300包物业 家具家电齐全随时看房,3,2,93,整租,1300,hangkonggang
万科新式装修三居 全屋定制 地暖 新风 家具家电齐全 拎包住,3,2,95,整租,1430,hangkonggang
安纳西庄园，精装两房家具家电齐全拎包入住随时看房,2,2,78,整租,1500,hangkonggang
复式89平，使用面积100多平精装修，环境优美，随时入住，,3,2,89,合租,1600,hangkonggang
正弘美林苑精装大三室，环境优美随时看房,3,2,127,整租,1200,hangkonggang
万科地铁口精装三室 家具家电齐全随时可以看房,3,2,89,整租,1000,hangkonggang
安纳西庄园，个人自租，主卧独立卫生间,3,2,22,合租,750,hangkonggang
万科美景魅力之城祥润园 3室2厅1卫 电梯房 精装修,3,2,89,整租,1300,hangkonggang
万科美景魅力之城 3室2厅1卫 配套齐全 95平 南北通透,3,2,95,整租,1430,hangkonggang
永威南樾禧苑 3室2厅1卫 106平 电梯房 精装修,3,2,106,整租,1500,hangkonggang
万科直租，精装三房，家具家电齐全，随时看房，地铁口，随时看房,3,2,89,整租,1000,hangkonggang
富士康旁蔚来云成二室1500包物业 拎包入住可短租,2,1,70,整租,1500,hangkonggang
三室两厅两卫精装修家电齐全拎包入住！采光好！,3,2,128,整租,1800,hangkonggang
万科精装3室1200元 家具家电齐全 随时可以看房,3,2,88,整租,1200,hangkonggang
万科美景魅力之城祥润园 3室2厅1卫 88平 电梯房,3,2,88,整租,1200,hangkonggang
万科美景魅力之城祥润园 3室2厅1卫 精装修 89平,3,2,89,整租,1200,hangkonggang
万科美景魅力之城风惠园 3室2厅1卫 豪华装修 电梯房,3,2,98,整租,1500,hangkonggang
万科直租，精装三房，家具家电齐全，随时看房，地铁口，随时看房,3,2,89,整租,1200,hangkonggang
安纳西庄园，klg区近，个人自租。一人住单间,3,2,8,合租,400,hangkonggang
蓝山公馆，efcd区，沃金附近，个人自租。无中介费。,3,2,10,合租,500,hangkonggang
正弘中央公园愉心苑大三室 3室2卫 家电齐全租1300含物业,3,2,126,整租,1300,hangkonggang
蔚来云成云园精装三室两厅一卫1800包物业,3,2,96,整租,1800,hangkonggang
万科六期 精装三室1000一个月 双气 新风系统 随时可以看,3,2,96,整租,1000,hangkonggang
安纳西庄园，klg区近，个人自租，可短租。,3,2,16,合租,600,hangkonggang
郑报润园一期 3室2厅1卫 1300.0元 电梯房 精装修,3,2,90,整租,1300,hangkonggang
考虑品质环境好的来，融创精装洋房四室两厅可拎包入住,4,2,145,整租,2300,hangkonggang
万科直租，精装三房，拎包入住，近地铁学校，随时看房,3,2,88.5,整租,1300,hangkonggang
蔚来云城(云园) 3室2厅1卫 1800.0元 电梯房,3,2,94.2,整租,1800,hangkonggang
郑报一期 精装新三室 家具家电配齐 入住 双气 拎包入住,3,2,91,整租,1500,hangkonggang
融创二期精装三室两厅两卫，明厨明卫南北通透，地暖中央空调,3,2,138,整租,1600,hangkonggang
永威南樾瑞苑 3室2厅1卫 120平 电梯房,3,2,120,整租,1800,hangkonggang
万科美景魅力之城幽兰园 3室2厅1卫 89平 电梯房,3,2,89,整租,1500,hangkonggang
万科美景魅力之城幽兰园 3室2厅1卫 电梯房 88平,3,2,88.8,整租,1300,hangkonggang
安纳西庄园精装大三房1300包物业,3,2,115.8,整租,1300,hangkonggang
地铁口 万科精装修全屋定制 全屋壁纸 拎包入住 随时看房,3,2,88,整租,1300,hangkonggang
万科紫云园精装三房  家具家电齐全 四台空调 1300包物业,3,2,89,整租,1300,hangkonggang
永威南樾瑞园精装三房家具家电齐全拎包入住随时看房,3,2,90,整租,1600,hangkonggang
正弘棠语苑 3室2厅1卫 1500.0元 电梯房 精装修,3,2,105,整租,1500,hangkonggang
安纳西庄园，富士康附近，房东直租，便宜房间,3,2,10,合租,300,hangkonggang
安纳西精装四房2000元每月,4,2,135,整租,2000,hangkonggang
正弘尚文苑 3室89平 精装修 配套齐全 拎包入住1500,3,2,89,整租,1500,hangkonggang
蔚来云城云园三室两厅一卫出租,3,2,102.3,整租,1800,hangkonggang
蔚来云城精装三房出租拎包入住。,3,2,102.3,整租,1800,hangkonggang
万科祥润园，精装三房家具家电齐全拎包入住随时可看,3,2,89,整租,1500,hangkonggang
荷园精装两室 干净整洁 郑大医附院附近月租1200含物业可谈,2,2,90,整租,1200,hangkonggang
翠湖苑精装新房出租拎包入住包物业费随时看房,3,2,89,整租,1500,hangkonggang
永威南樾瑞苑 2室2厅1卫 电梯房 78平,2,2,80,整租,1400,hangkonggang
云瓴国际精装三房 紧邻郑大一附院兴港大厦 交通便利 1000,3,2,55.4,整租,1100,hangkonggang
正弘棠语苑 精装三室 南北通透 临近太湖路小学 1200月,3,2,105,整租,1200,hangkonggang
枣园一室 D区A走路上班 月租800 家电齐全  非常划算,2,1,60,整租,800,hangkonggang
锦荣广场 2室1厅1卫 1500.0元 电梯房 43.0平米,2,1,43,整租,1500,hangkonggang
万科美景魅力之城祥润园 3室1厅1卫 1300.0元,3,1,89,整租,1500,hangkonggang
蔚来云城云园三室两卫精装修出租,3,2,130.8,整租,2500,hangkonggang
锦荣悦汇城 一室一厅一卫 临近富士康 KLF区 购物方便,1,1,49.1,整租,1200,hangkonggang
张庄西街电梯房 标间，一室一厅。有空调洗衣机 热水器 无线网,1,0,35,整租,400,hangkonggang
正弘中央公园愉心苑，南北通透，精装修，临湖,3,2,96,整租,1200,hangkonggang
永威南樾禧苑 4室2厅2卫 精装修 129平 电梯房含物业费,4,2,129,整租,2500,hangkonggang
蔚来云城(云园) 3室2厅2卫 2100.0元 精装修,3,2,130,整租,2300,hangkonggang
安纳西2室二厅1300，照片真实，干净整洁，拎包入住,2,2,85,整租,1400,hangkonggang
小河刘精装 1室1厅1卫 家电齐全 双气边户 价位可谈,1,1,60,整租,900,hangkonggang
裕鸿世界港丽宫 4室2厅3卫 9800.0元 电梯房 精装修,4,2,249.2,整租,9800,hangkonggang
山顶御景园精装一室 全新出租  紧邻郑大一附院 1000,1,1,60,整租,1000,hangkonggang
云瓴国际 2室2厅1卫 1300.0元 电梯房 精装修,2,2,55,整租,1300,hangkonggang
管委会附近，精装修三房，第一次出租，拎包入住,3,2,89,整租,1600,hangkonggang
正弘中央公园美林苑，好楼层，纯南户,3,2,80,整租,1200,hangkonggang
正弘花语苑 3室2厅1卫 1400.0元 电梯房 精装修,3,2,89,整租,1400,hangkonggang
融创空港宸院(一期) 3室2厅1卫 1800.0元 电梯房,3,2,105,整租,1800,hangkonggang
白鹭苑精装修两房，拎包入住出门实验小学,2,2,90,整租,1200,hangkonggang
安纳西两室两厅精装租金1400紧邻厂区随时看房拎包入住,2,2,87,整租,1400,hangkonggang
郑州航空港区，精装修拎包入住，管委会附近，领航学校旁,2,1,90,整租,900,hangkonggang
精装修，小两房，拎包入住。,2,1,89,整租,900,hangkonggang
蔚来云城云园，富士康e区门口，沃金附近，个人自租,3,2,16,合租,600,hangkonggang
蔚来云城云园，富士康e区大门口，沃金附近，个人自租，无中介费,3,2,13,合租,600,hangkonggang
三室两厅两卫 干净整洁 视野好 齐全 拎包入住,3,2,83,整租,1400,hangkonggang
遵大路文苑小区 精装两室 家具家电齐全，拎包入住！,2,1,60,整租,700,hangkonggang
德智嘉园 手机产业园 120平三室两厅两卫 1100元月,3,2,120,整租,1100,hangkonggang
白鹭源精装修小三房，紧临实验小学 富士康,3,2,90,整租,1300,hangkonggang
飞机场附近 精装一室 家具家电齐全 可随时拎包入住,1,1,60,整租,700,hangkonggang
急租融创空港宸园南北通透大三房,3,2,134,整租,1800,hangkonggang
永威三室两厅精装租金1700随时看房拎包入住,3,2,120,整租,1700,hangkonggang
精装修拎包入住，小三房两卫。,3,2,89,整租,1500,hangkonggang
超干净！郑大一附院地铁口公园旁，正弘麓林苑新小区拎包入住,3,2,89,整租,1400,hangkonggang
美创 育人国际学校旁90平精装修两室一厅一卫拎包入住1300,2,1,90,整租,1300,hangkonggang
有客厅有厨房富士康沃金商业街蔚来云城,3,1,18,合租,600,hangkonggang
沃金商业街富士康旁蔚来云城,4,1,25,合租,650,hangkonggang
山顶御和园 5室1厅1卫 22平 电梯房,5,1,22,合租,700,hangkonggang
永威南樾 精装三室 家具家电齐全 地铁口附近 锦荣广场沃金近,3,2,106,整租,1600,hangkonggang
富士康，沃金商业街 郑大一附院！航头大厦拎包入住,3,2,25,合租,500,hangkonggang
可以短租的房子，精装两房，地铁口，领航小学旁管委会附近,2,2,85,整租,1500,hangkonggang
盛世城邦二期有地暖69平精装修拎包入住1100含物业两室两厅,2,2,69,整租,1100,hangkonggang
和昌精装房出租，家电齐全拎包入住！,3,2,130,整租,1500,hangkonggang
蔚来云城云园，富士康e区门口旁，沃金附近，房东自租,3,2,14,合租,500,hangkonggang
万科地铁口拎包入住  家具家电齐全随时可以看房,1,1,40,整租,900,hangkonggang
"蓝山公馆，沃金附近富士康E,F,C,D.区 ，房东自租。",3,2,30,合租,600,hangkonggang
山顶御和园独立卫生间 电梯房 押一付一 南北通透,4,1,23,合租,900,hangkonggang
郑报润园一期，郑大一附院附近，房东自租，退房退押金，,4,2,12,合租,500,hangkonggang
步行富士康！蓝山公馆！！沃金旁边 E区F区附近！,3,2,30,合租,700,hangkonggang
安纳西庄园，退房退押金，房东自租，特价房,3,2,15,合租,300,hangkonggang
"蓝山公馆，富士e,f区,沃金近，无中介费，房东自租",3,2,15,合租,500,hangkonggang
山顶御和园 4室1厅1卫 精装修 电梯房 18平,4,1,18,合租,650,hangkonggang
免费暖气！富士康E区F附近，步行上班 房东！,3,1,15,合租,500,hangkonggang
房东直出富士康E F沃金商业街旁蔚来云城,3,1,30,合租,550,hangkonggang
沃金商业街富士康北蔚来云城房东直出,3,1,25,合租,700,hangkonggang
富士康沃金商业旁蔚来云城有暖气房东直出,4,1,20,合租,600,hangkonggang
房东直出免暖气费富士康旁蔚来云城小区单间出租无费用,3,1,20,合租,550,hangkonggang
正弘麓林苑 3室2厅1卫 1400.0元 电梯房 ,3,2,89,整租,1400,hangkonggang
富士康B E乘车点包物业水网费房东直出航头大厦黑马培训机构旁,4,2,20,合租,600,hangkonggang
正弘尚文苑 3室2厅2卫 1600.0元 电梯房 ,3,2,125,整租,1600,hangkonggang
正弘麓林苑 3室2厅1卫 1400.0元 电梯房 ,3,2,89,整租,1400,hangkonggang
港区管委会领航学校旁三室两厅一卫拎包入住1300,3,2,89,整租,1400,hangkonggang
裕鸿世界港丽园 2室2厅1卫 1400.0元 电梯房 ,2,2,94.8,整租,1500,hangkonggang
600精装一居室！免费停车！免费宽带！包物业！可短租可月付,1,0,35,整租,600,hangkonggang
豫发大运城蓝山公馆 1室 配套齐全 南北通透 精装修,1,0,35,整租,600,hangkonggang
正弘尚文苑 3室2厅2卫 1600.0元 电梯房 ,3,2,125,整租,1600,hangkonggang
正弘尚文苑三室两厅一卫整租,3,2,89,整租,1500,hangkonggang
文苑中装两室 长租600 可短租 随时领包入住！,2,1,60,整租,600,hangkonggang
安纳西精装两室1300，紧邻厂区学校,2,2,87,整租,1300,hangkonggang
仅1套，品质房，地铁口永威南樾3期，拎包住精装双虎家居,2,2,86,整租,1400,hangkonggang
锦荣广场精装一室1200可短租家具家电齐全拎包入住,1,0,37,整租,1200,hangkonggang
裕鸿世界港丽宫 3室2厅2卫 2800.0元 电梯房 精装修,3,2,139.7,整租,2800,hangkonggang
万科魅力之城 3室2厅1卫 南北通透 配套齐全 115平,3,2,115,整租,1500,hangkonggang
融创洋房 精装三室 全新家电家具 临近富士康 2100月,3,2,105.3,整租,2100,hangkonggang
安纳西三室两厅精装租金1500紧邻厂区随时看房拎包入住,3,2,99,整租,1500,hangkonggang
正弘中央公园愉心苑，精装修，干净卫生，临湖,3,2,89,整租,1600,hangkonggang
棠语苑自住大三室洋房精装修拎包入住随时可以看房密码锁环境好,4,2,142,整租,2500,hangkonggang
永威南樾瑞苑，简装，大客厅，小区绿化漂亮,2,2,80.1,整租,1500,hangkonggang
润丰锦尚 2室2厅1卫 1500.0元 电梯房 精装修,2,2,93,整租,1500,hangkonggang
锦绣枣园月租750家具家电齐全紧邻厂区新冰箱洗衣机,2,1,60,整租,750,hangkonggang
和昌四室两厅两卫南北通透家具家电齐全拎包入住！,4,2,130,整租,1800,hangkonggang
万科一期榭香园，精装三房1000元，近地铁学校 图片真实,3,2,82.4,整租,1000,hangkonggang
永威南樾瑞苑 2室2厅1卫 电梯房 精装修 80平,2,2,80,整租,1400,hangkonggang
永威南樾瑞苑 3室2厅1卫 100平 精装修 随时可看房,3,2,100,整租,1400,hangkonggang
兴瑞汇金123中学旁精装修89平三室两厅两拎包入住1500元,3,2,83,整租,1400,hangkonggang
仁政嘉园90平三室一厅1000元月 精装修 拎包入住,3,2,90,整租,1000,hangkonggang
新房出租1300包物业费，家电齐全可拎包入住,3,2,95,整租,1300,hangkonggang
正弘愉心苑，精装三房，新房出租，家具家电齐全拎包入住随时,3,2,89,整租,1500,hangkonggang
正弘尚文苑精装大三房，全新出租，南北通透，月1500,3,2,122,整租,1500,hangkonggang
郑报二期两室两厅一卫拎包入住,2,2,79,整租,1300,hangkonggang
永威南樾瑞苑 3室2厅1卫 精装修 电梯房 101平,3,2,101,整租,1700,hangkonggang
富士康F区旁蓝山公馆单间，免费停车！,3,2,25,合租,500,hangkonggang
南北通透采光好，家电齐全拎包入住！,1,1,60,整租,700,hangkonggang
大马一室一厅租金1000随时看房拎包入住,1,1,60,整租,1000,hangkonggang
永威瑞园精装两房，小区物业环境好，周边配套齐全，紧邻地铁口,2,2,80,整租,1500,hangkonggang
双鹤湖外国语旁仁政嘉园120平三室两厅1500元月精装修,3,2,120,整租,1500,hangkonggang
精装修1400包物业拎包入住棠语苑里面啥都有中间楼层采光好,3,2,89,整租,1400,hangkonggang
锦绣翠园精装两房，南北通透，家电齐全，月1200包物业,2,2,90,整租,1200,hangkonggang
永威南樾福苑精装大两房，紧邻地铁口学校，周边配套齐全,2,2,88.9,整租,1400,hangkonggang
房东直租，无中介费！！！ 精装修 拎包入住 随时看房,1,1,28,整租,600,hangkonggang
租三送一，永威福苑单间出租,3,2,20,合租,480,hangkonggang
富士康厂区附近单间出租,3,2,30,合租,600,hangkonggang
永威南樾禧苑 4室2厅2卫 电梯房 精装修 140平,4,2,140,整租,2500,hangkonggang
安纳西四室两厅两卫租金1800包物业紧邻厂区随时看房拎包入住,4,2,115.1,整租,1800,hangkonggang
万科美景魅力之城幽兰园，精装三房，拎包入住，近地铁学校,3,2,89,整租,1200,hangkonggang
永威南樾福苑精装三房，小区环境优美交通便利，周边配套齐全,3,2,91,整租,1200,hangkonggang
"安纳西庄园，K.L,g近，个人自租。",3,1,10,合租,400,hangkonggang
116平精装修出租，家具家电齐全，拎包入住！,3,2,116,整租,1600,hangkonggang
九裕龙城 三室家具家电齐全  拎包入住 长租可谈,3,2,115.8,整租,990,hangkonggang
它真的很好，正弘麓林苑精装三房，拎包入住随时可看,3,2,89,整租,1400,hangkonggang
万科精装拎包入住 有钥匙看房方便 随时入住,3,2,88,整租,1200,hangkonggang
小河刘一室一厅租金1000紧邻地铁学校随时看房拎包入住,1,1,60,整租,1000,hangkonggang
大马一室一厅租金1000随时看房拎包入住,1,1,60,整租,1000,hangkonggang
白鹭园春晓三室两厅两卫精装租金1400紧邻郑大一附院北站,3,2,120,整租,1400,hangkonggang
蔚来云城云园，朝南次卧，带飘窗，房东自租,3,2,16,合租,600,hangkonggang
独立卫生间富士康班车旁黑马培训机构郑大一附院南院区附近,4,1,40,合租,600,hangkonggang
有暖气富士康E F富鑫宿舍沃金商业旁房东直组,4,1,18,合租,499,hangkonggang
白鹭源，兰河地铁口 。房东自租。,3,2,15,合租,500,hangkonggang
融创空港宸院(一期) 3室2厅1卫 1700.0元 电梯房 ,3,2,104,整租,1700,hangkonggang
（主营南港双鹤湖区域）比亚迪旁房屋出租各种户型,4,2,130,整租,2300,hangkonggang
蓝山公馆，房东自租，沃金附近，富士康ABCDE都可以,3,2,22,合租,450,hangkonggang
山顶御和园 直租 南北通透 电梯房,5,1,20,合租,600,hangkonggang
永威二期 精装三室 家具家电齐全 商超配套成熟 地铁口,3,2,101,整租,1600,hangkonggang
山顶御和园 4室1厅1卫 南北通透 精装修 20平,4,1,20,合租,650,hangkonggang
短租的房子来了，精装两室，拎包入住，地铁口领航学校旁。,2,2,90,整租,900,hangkonggang
蓝山公馆，沃金附近富士康E区F区，房东自租。,3,2,26,合租,600,hangkonggang
富士康沃金商业旁蔚来云城,3,1,23,合租,700,hangkonggang
山顶御和园 7室2厅2卫 配套齐全 电梯房 南北通透,7,2,15,合租,600,hangkonggang
山顶御和园 7室1厅2卫 电梯房 18平 南北通透,7,1,18,合租,650,hangkonggang
蔚来云城(云园) 5室1厅2卫 精装修 配套齐全 南北通透,5,1,18,合租,600,hangkonggang
康平湖地铁口林语苑 上班方便 房东,3,2,10,合租,400,hangkonggang
600全包富士康B E区乘车点房东直出航头大厦黑马对面单间,3,1,12,合租,600,hangkonggang
山顶御景园 一室一厅一厨一卫 全新家电家具 1000月,1,1,60,整租,1000,hangkonggang
永威二期 精装三室 家具家电齐全 全屋地暖 交通便利拎包入住,3,2,99,整租,1500,hangkonggang
拎包入住！航投大厦，富士康，郑大一附院南区。月付！无中介费,4,1,30,合租,450,hangkonggang
正弘尚文苑 3室2厅2卫 电梯房 精装修 125平,3,2,125,整租,1600,hangkonggang
白鹭园春晓二期精装两室1500，定制家具，,2,2,80,整租,1500,hangkonggang
大马一室一厅复试1100，家具家电齐全,1,1,60,整租,1100,hangkonggang
大马一室1000，家具齐全，中间楼层,1,1,60,整租,1000,hangkonggang
万科精装 温馨白领公寓800元 民水民电 一年起租 不短租,1,1,40,整租,800,hangkonggang
永威南樾瑞苑  102平电梯房 精装修 全屋定制 全新入住,3,2,102,整租,1700,hangkonggang
融创空港宸院(一期) 4室2厅2卫 2300.0元 电梯房,4,2,144,整租,2300,hangkonggang
永威南樾福苑，纯南户，物业好，地铁口,3,2,90,整租,1000,hangkonggang
正弘美林苑精装三室1300包物业车位费房东诚信出租,3,2,89,整租,1300,hangkonggang
中建滨水苑 精装四室 全新家电家具 临近富士康 含物业费,4,2,140,整租,1800,hangkonggang
永威南樾瑞苑 3室2厅1卫 精装修 电梯房 102平,3,2,102,整租,1350,hangkonggang
永威瑞苑 三室两厅一卫 家电齐全拎包入住 购物方便 含物业费,3,2,101,整租,1600,hangkonggang
中建森林 上精装两房， 出门护航路小学，省立医院，兴港大厦,2,2,73,整租,1200,hangkonggang
云领国际精装两房两厅两卫，家具家电齐全拎包入住随时看房,2,2,56.9,整租,1200,hangkonggang
地铁口，一附院旁，万科精装修南北通透有暖气1300,3,2,89,整租,1300,hangkonggang
白鹭源，好楼层，大三房，南北通透，地铁口,3,2,132,整租,1380,hangkonggang
融创空港宸院(一期) 3室2厅1卫 1800.0元 电梯房,3,2,105,整租,1800,hangkonggang
"蓝山公馆  E,F,C区沃金近，个人自租，支持短租。",3,2,15,合租,500,hangkonggang
和昌盛世城邦润园 3室2厅2卫 89平 南北通透 精装修,3,2,89,整租,1500,hangkonggang
兴港大厦一附院旁，LOFT云瓴国际精装房，拎包可入住,2,2,55,整租,1100,hangkonggang
精装修三房，装修自住标准。,3,2,128,整租,1700,hangkonggang
盛世城邦滨河西路小学旁120平精装修三室两厅两卫自住标准,3,2,120,整租,1600,hangkonggang
4室两厅两卫，精装拎包入住，设备齐全,4,2,130,整租,1800,hangkonggang
万科七期精装三房家具家电齐全拎包入住随时看房,3,2,97,整租,1600,hangkonggang
郑报二期精装双卫大三房，家具家电齐全拎包入住随时看房,3,2,114,整租,1700,hangkonggang
正弘翠湖苑精装三房 紧邻郑大一附院 康平湖地铁口，月1100,3,2,91,整租,1100,hangkonggang
尚文苑精装三室干净利落包物业费拎包入住随时可以看房小区环境好,3,2,89,整租,1400,hangkonggang
免暖气费富士康沃金商业街旁蔚来云城,4,1,20,合租,550,hangkonggang
一梯一户 家具家电齐全 干净整洁 拎包入住,3,2,116,整租,2000,hangkonggang
万科精装修三居室 全屋地暖 四台空调 三个卧室配套齐全随时看,3,2,96,整租,1400,hangkonggang
万科五期 时尚精装三室1300元 家具家电齐全 拎包入住,3,2,89,整租,1300,hangkonggang
双鹤湖南德智嘉园90平小三房800元月 拎包入住,3,2,90,整租,800,hangkonggang
桂园一室一厅租金900可短租随时看房拎包入住,1,1,60,整租,900,hangkonggang
马庄一室 中心商业区 距离富士康厂区可走路上班新装修配沙发,1,1,60,整租,1150,hangkonggang
豫发大运城蓝山公馆 3室2厅2卫 3200.0元 电梯房 ,3,2,130.4,整租,3200,hangkonggang
飞机场附近 精装两房 租金包含物业 可随时领包入住,2,1,60,整租,700,hangkonggang
精装两房一厅一厨一卫一阳台，朝南。,2,2,90,整租,1000,hangkonggang
比亚迪附近出租精装一室一厅，拎包入住,1,1,60,整租,700,hangkonggang
锦绣御园精装一室900包物业费家具家电齐全紧邻厂区,1,1,60,整租,900,hangkonggang
永威南樾禧苑 3室2厅2卫 精装修 118平 电梯房,3,2,118,整租,1500,hangkonggang
浩创梧桐花语 比亚迪台科 两室出租 家具家电齐全 可拎包入住,2,1,74.1,整租,990,hangkonggang
湖湖苑翠湖苑碧湖苑精装修三室新房首租，拎包入住。,3,2,102,整租,1500,hangkonggang
"蓝山公馆, E.F.C区近，没有中介费。",3,2,15,合租,600,hangkonggang
出租大马一室一厅租金1000交通方便随时看房拎包入住,1,1,60,整租,1000,hangkonggang
遵大路文苑小区 2室1厅1卫 南北通透 60平 精装修,2,1,58,整租,700,hangkonggang
豫发大运城白鹭源大三室随时看房 拎包入住,3,2,130,整租,1800,hangkonggang
白鹭园春晓三室两厅租金1500紧邻郑大一附院随时看房拎包入住,3,2,85,整租,1500,hangkonggang
精装修，拎包入住，设施齐全，房东人特好,3,2,98,整租,1500,hangkonggang
急租南北通透小三房万科美景魅力之城,3,1,88,整租,1100,hangkonggang
汇金国际 乐佳物流园 领航小学 省实验 拎包入住,3,2,120,整租,1300,hangkonggang
白鹭园春晓精装三室双卫1500包物业紧邻郑大一附院兴港大厦,3,2,120,整租,1500,hangkonggang
免费暖气！步行富士康！沃金旁边，看房方便 拎包入住,3,1,12,合租,500,hangkonggang
安纳西庄园，富士康gkl沃金附近，房东自租,3,2,16,合租,500,hangkonggang
（主营南港双鹤湖区域）比亚迪旁房屋出租各种户型,4,2,130,整租,2300,hangkonggang
蔚来云城云园，沃金附近，富士康e区大门口旁边,3,2,16,合租,600,hangkonggang
比亚迪附近出租精装一室一厅，拎包入住,1,1,60,整租,800,hangkonggang
"蓝山公馆，富士康E,F,CD区主卧独卫，个人自租无中介费。",3,2,30,合租,750,hangkonggang
蔚来云城(云园) 5室1厅2卫 20平 电梯房 精装修,5,1,20,合租,700,hangkonggang
郑大一附院附近，郑报润园一期，房东自租,4,2,15,合租,500,hangkonggang
永威南越二期精装三室，家电齐全看房方便,3,2,89,整租,1400,hangkonggang
蔚来云城(云园) 精装  南北通透 18平 电梯房,5,1,18,合租,650,hangkonggang
万科一期精装三室1100元 第一次出租家具家电齐全 随时看房,3,2,88.5,整租,1200,hangkonggang
600精装一居室！可短租可月付！免费停车！免费宽带！拎包入住,1,0,35,整租,600,hangkonggang
云瓴国际精装两房家具家电齐全拎包入住随时看房,2,2,55.4,整租,1100,hangkonggang
正弘尚文苑 3室2厅1卫 1400.0元 电梯房 精装修,3,2,89,整租,1400,hangkonggang
大马一室一厅833，家具家电齐全，,1,1,60,整租,833,hangkonggang
小河刘一室1000，家具齐全，拎包入住,1,1,60,整租,1000,hangkonggang
山顶御景园精装三室1400，家具家电齐全，拎包入住,3,2,95,整租,1500,hangkonggang
安纳西两室1400，可短租 南北通透 ，家具家电齐全,2,2,85,整租,1400,hangkonggang
白鹭园春晓二期三室两厅两卫1400家具齐全，,3,2,120,整租,1400,hangkonggang
小河刘精装一室1000，双空调，拎包入住，,1,1,60,整租,1000,hangkonggang
小河刘一室精装1000可短租，可月付,1,1,60,整租,1000,hangkonggang
豫发白鹭源春晓2期 2室1厅1卫 75平 精装修 电梯房,2,1,75,整租,1200,hangkonggang
正弘美林苑，精装三房出租，家具家电齐全拎包入住随时看房,3,2,89,整租,1300,hangkonggang
郑报二期 精装两室 家具家电齐全 商超配套成熟 长安路近机场,2,2,78,整租,1350,hangkonggang
永威瑞园精装三房，南北通透好楼层，采光通风好，1500包物业,3,2,102,整租,1500,hangkonggang
永威南樾瑞苑1500包物业，精装修随时看房,3,2,89,整租,1500,hangkonggang
永威南樾瑞园精装三房，南北通透好楼层，紧邻华夏学校太湖路小学,3,2,101,整租,1600,hangkonggang
蔚来云城云园，沃金附近，富士康e区门口，个人自租，免费暖气,3,2,20,合租,650,hangkonggang
永威南樾二期 精装三室 家具家电齐全 全屋地暖 交通便利,3,2,102,整租,1350,hangkonggang
豫发白鹭源春晓 3室2厅2卫 1300.0元 电梯房 精装修,3,2,110.2,整租,1500,hangkonggang
蔚来云城云园精装三房，南北通透紧邻富士康厂区沃金商场家家欣,3,2,103,整租,1700,hangkonggang
正弘尚文苑，精装修，大三房，南北通透，干净卫生,3,2,122,整租,1500,hangkonggang
正商宇航铭筑，复式公寓，写字楼，地铁口，临湖,2,2,45,整租,1200,hangkonggang
正商宇航铭筑，复式公寓，写字楼，临地铁，临湖,2,2,45,整租,1300,hangkonggang
永威南樾瑞苑 2室2厅1卫 配套齐全精装修 拎包入住1300,2,2,79,整租,1300,hangkonggang
万科直租，领包入户，配套齐全，近地铁，学校，随时看房,3,2,88.5,整租,1200,hangkonggang
安纳西三室两厅两卫整租,3,2,117.9,整租,1800,hangkonggang
永威南樾福苑，锦荣广场，兰河地铁口附近。,3,2,15,合租,500,hangkonggang
小河刘一室一厅租金833紧邻地铁学校随时看房拎包入住,1,1,60,整租,833,hangkonggang
永威南樾瑞苑 3室2厅1卫 89平 电梯房 精装修,3,2,89,整租,1400,hangkonggang
出租安纳西两室两厅精装租金1300紧邻厂区随时看房拎包入住,2,2,87,整租,1300,hangkonggang
和昌盛世城邦玥园，家具家电齐全，拎包入住,3,2,98,整租,1400,hangkonggang
汗点尚文苑大三室1600包物业拎包入住干净利落随时可以看房,3,2,125,整租,1600,hangkonggang
免暖气费富士康沃金商业街旁蔚来云城,4,1,20,合租,550,hangkonggang
免暖气费富士康沃金商业街旁蔚来云城,4,1,20,合租,550,hangkonggang
富士康附近单间带阳台，有免费停车位！,3,2,30,合租,600,hangkonggang
永威南樾瑞苑  101平 电梯房 精装修 包含物业费,3,2,101,整租,1600,hangkonggang
山顶御和园 5室1厅1卫 15平 电梯房 南北通透,5,1,15,合租,500,hangkonggang
锦绣御园精装一室900包物业紧邻厂区华鸿宿舍北边房东诚信出租,1,1,60,整租,900,hangkonggang
"锦绣御园精装一室1000家具家电华鸿宿舍北边紧邻厂区E,F区",1,1,60,整租,1000,hangkonggang
永威南樾福苑，豫康北附近，个人自租，支持短租,3,2,26,合租,650,hangkonggang
蔚来云城云园，沃金附近，富士康e区门口旁，个人自租,3,2,23,合租,650,hangkonggang
房东直租 ！！！无中介费 精装修 拎包入住 随时看房,1,1,28,整租,600,hangkonggang
山顶御景园两室一厅精装租金1200紧邻郑大一附院随时看房拎包,2,1,60,整租,1200,hangkonggang
永威一期福苑大阳台单间出租！,3,2,35,合租,500,hangkonggang
永威二期 精装小三室 两卧朝南 家具家电齐全 交通便利拎包住,3,2,89,整租,1300,hangkonggang
永威南越单间，租三赠一，支持短租！,3,2,25,合租,400,hangkonggang
永威精装修两房家拎包入住。出门实验地铁口,3,2,87.5,整租,1200,hangkonggang
安纳西四室1800包物业简装 紧邻厂区,4,2,115.1,整租,1800,hangkonggang
出租，精装修，长租的,2,2,69,整租,1300,hangkonggang
急租南北通透小2房郑报,2,1,77,整租,1300,hangkonggang
蔚来云城云园，独立卫生，富士康e区门口旁，沃金旁边，房东自租,4,2,25,合租,700,hangkonggang
出租小河刘一室一厅租金1000紧邻地铁学校随时看房拎包入住,1,1,60,整租,1000,hangkonggang
主卧带独立卫生间出租，富士康！黑马培训机构 郑大一附院南区！,4,1,35,合租,550,hangkonggang
航空港文苑小区 精装两房 可随时拎包入住,2,1,60,整租,700,hangkonggang
遵大路文苑小区  乐佳物流旁  家电全齐拎包入住,2,1,58,整租,700,hangkonggang
豫发国园玖号院 3室2厅2卫 精装修 128平 电梯房,3,2,128,整租,1800,hangkonggang
豫发国园玖号院 3室2厅2卫 115平 电梯房 精装修,3,2,115.2,整租,1900,hangkonggang
三室两厅两卫大三房，7米大阳台，大客厅，舒适的很,3,2,116,整租,2000,hangkonggang
裕丰社区120平精装修拎包入住1300元,3,2,120,整租,1300,hangkonggang
九裕龙城 两室出租  家具家电齐全 拎包入住 可看房,2,2,81.1,整租,750,hangkonggang
白鹭园春晓三室两厅租金1500紧邻郑大一附院北站随时看房,3,1,90,整租,1600,hangkonggang
锦绣御园精装三室1600包物业费家具家电齐全拎包入住紧邻厂区,3,2,120,整租,1600,hangkonggang
兰河公园地铁口旁，沃金附近，白鹭源，房东自租,3,2,22,合租,700,hangkonggang
富士康！航投大厦 拎包入住！无中介费可短租，月付,3,2,30,合租,350,hangkonggang
个人房主！步行富士康EFD区 蔚来云城单间 拎包入住,3,1,28,合租,650,hangkonggang
安纳西庄园，步行富士康K，L区近一人住小单间，无中介费。,3,2,8,合租,350,hangkonggang
安纳西三室两厅精装租金1400随时看房拎包入住,3,2,93,整租,1400,hangkonggang
只租女生！全女生单间豫发国园 地铁口附近,3,2,15,合租,450,hangkonggang
天途易居 两室出租 台科 机场 普洛斯 家具家电齐全拎包入住,2,1,81.4,整租,730,hangkonggang
出租安纳西三室两厅租金1500紧邻厂区随时看房拎包入住,3,2,97,整租,1500,hangkonggang
富士康K.L区，安纳西庄园单间，个人自租。没中介费。,3,2,8,合租,400,hangkonggang
永威南樾瑞苑 3室 101平精装拎包入住1600包物业,3,2,101,整租,1600,hangkonggang
富士康鑫荣宿舍附近单间出租,3,2,30,合租,700,hangkonggang
步行富士康K区L区 房东 拎包入住 无其他费用,3,1,10,合租,400,hangkonggang
可短租押一付一 豫发国园,3,1,14,合租,400,hangkonggang
永威南樾福苑 3室2厅2卫 2000.0元 电梯房 精装修,3,2,122,整租,2000,hangkonggang
正弘花语苑 2室1厅1卫 1200.0元 电梯房 ,2,1,78,整租,1300,hangkonggang
尚文苑新房出租1200包物业拎包入住采光好价格便宜随时看,3,2,89,整租,1200,hangkonggang
山顶御和园简装三室1500，床可配，看房方便,3,2,120,整租,1500,hangkonggang
安纳西精装三室家具齐全1400，紧邻厂区,3,2,93,整租,1400,hangkonggang
豫发白鹭源春晓二期 首出租随时看房包含物业费,2,2,76,整租,1300,hangkonggang
豫发白鹭源春晓2期 2室2厅1卫 电梯房 精装修 89平,2,2,89,整租,1300,hangkonggang
房源采光好，南北通透，业主诚意出,3,2,89,整租,1200,hangkonggang
悦汇城精装公寓1000包物业费家具家电齐全紧邻厂区房东急租,1,0,49,整租,1000,hangkonggang
安纳西庄园精装三房，家具家电齐全拎包入住随时看房,3,2,98,整租,1500,hangkonggang
蔚来云城(云园) 3室1厅1卫 2000.0元 电梯房,3,1,87.1,整租,2000,hangkonggang
融创空港宸院(一期) 3室2厅1卫 1600.0元 电梯房,3,2,106,整租,1600,hangkonggang
精装修南北通透家电齐全拎包入住！,3,2,83,整租,1400,hangkonggang
崇语苑精装三室边户南北通透拎包入住包物业密码锁地暖,3,2,105,整租,1500,hangkonggang
大马一室一厅租金833随时看房拎包入住,1,1,60,整租,833,hangkonggang
蓝山公馆 纯洋房小区三室两厅两卫 采光好 家电齐全拎包入住,3,2,133,整租,2500,hangkonggang
安置区精装修房子，家具家电齐全拎包入住！,2,2,90,整租,900,hangkonggang
永威南樾福苑，南北通透三房，离地铁口近,3,1,97,整租,1200,hangkonggang
万科祥润园，精装三房家具家电齐全拎包入住随时看房,3,2,89,整租,1400,hangkonggang
正弘棠语苑精装三房，家具家电齐全，紧邻太湖路小学，月1400,3,2,88,整租,1400,hangkonggang
蔚来云城3室 低价出租  距离沃金商业500米1600含物业,3,2,102.4,整租,1600,hangkonggang
精装修拎包入住，大三房，洋房社区。,3,2,129,整租,1500,hangkonggang
文苑小区精装两房 可随时看房领包入住！,2,1,60,整租,800,hangkonggang
万科精装修小户型公寓 租金低 家具家电齐全 拎包入住随时看房,1,1,40,整租,800,hangkonggang
正弘中央公园尚文苑，好楼层，精装修，整洁度高,3,2,89,整租,1500,hangkonggang
万科物业直租  升级装修  地暖 配置齐全  拎包入住,3,2,95,整租,1400,hangkonggang
"蓝山公馆，E,F,区近单间，个人自租。",3,2,15,合租,500,hangkonggang
永威福苑精装两房，拎包入住，采光好通风好，1500包物业费,2,2,88.9,整租,1500,hangkonggang
永威3期高品质小区3房，便宜！！！可拎包入住精装修,3,2,106,整租,1500,hangkonggang
永威南樾瑞苑 3室 89平 配套齐全 拎包入住1300月,3,2,89,整租,1300,hangkonggang
免暖气费富士康沃金商业街旁蔚来云城,4,1,20,合租,550,hangkonggang
一梯一户 基本全新 南北通透 学校旁 双气,3,2,118,整租,1500,hangkonggang
蔚来云城富士康沃金商业街附近有暖气,4,1,20,合租,550,hangkonggang
北港洋房 装修全屋定制衣柜，家具家电齐全，出租,3,2,106,整租,1800,hangkonggang
1500包物业费租尚文苑大三室拎包入住首租随时看房中间楼层采,3,2,125,整租,1500,hangkonggang
第一次出租 地铁口 学校旁 洋房 大露台 拎包入住,3,2,126,整租,1800,hangkonggang
正弘棠语苑精装三房  门口太湖路小学，周边配套齐全，环境优美,3,2,88,整租,1500,hangkonggang
中装家具家电齐全 抢包入住 配套设施齐全 包含物业费,2,1,69,整租,1200,hangkonggang
精装三房，拎包入住，环境优美。,3,2,88,整租,1500,hangkonggang
美林苑精装修三室两厅拎包入住家电家具齐全随时看房采光好,3,2,89,整租,1500,hangkonggang
南港比亚迪附近出租精装一室一厅，拎包入住,1,1,60,整租,850,hangkonggang
小河刘一室1000，可短租 家具齐全,1,1,60,整租,1000,hangkonggang
正弘碧湖苑 3室1厅1卫 105平 精装修 电梯房,3,1,98,整租,1450,hangkonggang
盛世城邦兰园三室两厅两卫精装修,3,2,87.9,整租,1500,hangkonggang
小河刘一室一厅租金1000紧邻地铁随时看房拎包入住,1,1,60,整租,1000,hangkonggang
富士康周围租三赠一房间出租,3,2,15,合租,400,hangkonggang
锦绣御园精装一室900家具家电齐全紧邻厂区手慢无,1,1,60,整租,900,hangkonggang
富士康厂区附近便宜单间,4,2,25,合租,400,hangkonggang
安纳西两室两厅租金1400紧邻厂区随时看房拎包入住,2,2,85,整租,1400,hangkonggang
急租中建森林2期小三房,3,2,98,整租,1300,hangkonggang
比亚迪附近出租精装三室两厅,3,2,120,整租,1200,hangkonggang
正商雅庭华府三室两厅两卫精装租金1500随时看房拎包入住,3,2,118,整租,1500,hangkonggang
安纳西庄园精装修两房紧临富士康,2,2,80,整租,1500,hangkonggang
富士康鑫荣宿舍附近单间出租,3,2,25,合租,500,hangkonggang
白鹭园精装三室1500包物业费家具家电齐全房东诚信出租,3,1,91,整租,1500,hangkonggang
大马一室1000，家具家电齐全，拎包入住,1,1,60,整租,1000,hangkonggang
（主营南港双鹤湖科技城）比亚迪附近房屋出租,3,2,120,整租,1600,hangkonggang
永威南樾瑞苑 4室2厅2卫 精装修 133平 电梯房,4,2,133,整租,2300,hangkonggang
白鹭源春晓 精装两室带院 有暖气 地铁口 家具家电齐全拎包住,2,2,71.9,整租,1600,hangkonggang
春晓 三室两卫 家具家电齐全 郑大一附院近 北站地铁口,3,2,110,整租,1600,hangkonggang
锦荣广场精装小公寓1200富士康机场旁边拎包入住地铁口,1,0,37,整租,1200,hangkonggang
白鹭园二期两室两厅精装1500紧邻郑大一附院随时看房拎包入住,2,2,80,整租,1500,hangkonggang
蓝山公馆，沃金附近，富士康ecdf区附近，房东自租,3,2,22,合租,500,hangkonggang
白鹭源春晓 精装三室两卫 家具家电齐全 有暖气 地铁口,3,2,116.7,整租,1700,hangkonggang
蔚来云城云园，房东自租，退房退押金,3,2,12,合租,500,hangkonggang
（主营南港双鹤湖区域）比亚迪旁房屋出租各种户型,3,2,110,整租,2300,hangkonggang
郑报一期，郑大一附院附近，朝南，大阳台,4,2,22,合租,600,hangkonggang
富士康一附院附近融创二期精装三室两厅两卫1500 拎包入住,3,2,138,整租,1500,hangkonggang
正弘花语苑 2室2厅1卫,2,2,78.9,整租,2000,hangkonggang
润丰新尚(商住楼) 1室1厅1卫,1,1,40.7,整租,550,hangkonggang
润丰新尚(商住楼) 1室1厅1卫,1,1,36.9,整租,600,hangkonggang
九裕龙城 3室2厅1卫,3,2,113,整租,1000,hangkonggang
豫发大运城蓝山公馆 3室2厅2卫,3,2,130,整租,3500,hangkonggang
锦荣悦汇城 1室0厅1卫,1,0,47,整租,1266,hangkonggang
融创空港宸院(二期) 3室1厅1卫,3,1,107,整租,2000,hangkonggang
润丰悦尚 3室2厅1卫,3,2,25,合租,550,hangkonggang
阳光华庭 3室2厅2卫,3,2,15,合租,450,hangkonggang
正弘棠语苑 3室1厅1卫,3,1,89,整租,1300,hangkonggang
润丰新尚(商住楼) 1室1厅1卫,1,1,43,整租,450,hangkonggang
公园与湖 4室2厅2卫,4,2,144.8,整租,2600,hangkonggang
润丰新尚(商住楼) 1室1厅1卫,1,1,37.2,整租,600,hangkonggang
蔚来云城(云园) 5室2厅2卫,5,2,18,合租,700,hangkonggang
华福御景 2室2厅1卫,2,2,90,整租,950,hangkonggang
润丰新尚北院 2室2厅1卫,2,2,86.3,整租,900,hangkonggang
天途易居 2室2厅1卫,2,2,81.3,整租,900,hangkonggang
磊鑫尚东郡 3室2厅1卫,3,2,110,整租,950,hangkonggang
永威南樾瑞苑 2室1厅1卫,2,1,72.7,整租,1300,hangkonggang
正弘愉心苑 3室2厅2卫,3,2,126,整租,1650,hangkonggang
豫发国园玖号院 3室2厅2卫,3,2,130,整租,1800,hangkonggang
万科美景魅力之城幽兰园 1室0厅1卫,1,0,50,整租,1000,hangkonggang
正弘麓林苑 3室2厅1卫,3,2,89,整租,1400,hangkonggang
豫发白鹭源春晓2期 3室1厅2卫,3,1,128,整租,1800,hangkonggang
裕丰社区 3室1厅2卫,3,1,120,整租,1000,hangkonggang
豫发白鹭源春晓2期 3室3厅1卫,3,3,110,整租,1450,hangkonggang
润丰悦尚 3室1厅1卫,3,1,100.6,整租,1200,hangkonggang
云瓴国际 2室1厅1卫,2,1,56,整租,1200,hangkonggang
润丰聚尚 3室2厅1卫,3,2,90.7,整租,1100,hangkonggang
裕鸿世界港丽园 3室2厅1卫,3,2,131,整租,2000,hangkonggang
航美国际智慧城(2期) 3室2厅2卫,3,2,88.2,整租,1300,hangkonggang
华福御景 2室1厅1卫,2,1,82.9,整租,900,hangkonggang
绿地香湖湾1号院 3室2厅1卫,3,2,90,整租,900,hangkonggang
富田兴和苑 3室2厅1卫,3,2,106,整租,1300,hangkonggang
中建森林上郡(1期) 2室2厅1卫,2,2,77,整租,1200,hangkonggang
华福御景 3室2厅1卫,3,2,105,整租,1000,hangkonggang
豫发大运城国园 3室2厅2卫,3,2,140,整租,2000,hangkonggang
公园与湖 3室2厅2卫,3,2,122,整租,1700,hangkonggang
富田兴和苑 3室2厅1卫,3,2,115,整租,1200,hangkonggang
航美国际智慧城(1期) 3室2厅1卫,3,2,100,整租,1200,hangkonggang
安纳西庄园 3室2厅2卫,3,2,119,整租,1600,hangkonggang
天途易居 2室2厅1卫,2,2,79.7,整租,650,hangkonggang
蔚来云城(云园) 3室2厅1卫,3,2,95,整租,1800,hangkonggang
润丰新尚南院 2室2厅1卫,2,2,87,整租,1280,hangkonggang
融创空港宸院(一期) 3室2厅1卫,3,2,105.3,整租,2100,hangkonggang
蔚来云城(云园) 3室1厅1卫,3,1,89,整租,1500,hangkonggang
润丰悦尚 3室1厅1卫,3,1,107,整租,1350,hangkonggang
万科美景魅力之城紫云园 3室2厅1卫,3,2,88.2,整租,1200,hangkonggang
文苑小区(新郑) 2室1厅1卫,2,1,60,整租,785,hangkonggang
中建滨水苑 3室1厅2卫,3,1,94,整租,1200,hangkonggang
蔚来云城(云园) 3室2厅2卫,3,2,14,合租,700,hangkonggang
安纳西庄园 3室1厅1卫,3,1,98,整租,1600,hangkonggang
润丰新尚南院 2室2厅1卫,2,2,87,整租,1280,hangkonggang
白鹭源 4室2厅2卫,4,2,135,整租,1850,hangkonggang
润丰新尚(商住楼) 1室1厅1卫,1,1,29,整租,600,hangkonggang
山顶御和园 3室2厅1卫,3,2,115,整租,1600,hangkonggang
润丰新尚南院 3室2厅1卫,3,2,110,整租,1300,hangkonggang
润丰新尚(商住楼) 1室1厅1卫,1,1,35,整租,600,hangkonggang
瀚海航城(二期) 3室2厅1卫,3,2,110,整租,1600,hangkonggang
永威南樾瑞苑 3室1厅1卫,3,1,89,整租,1400,hangkonggang
润丰新尚南院 2室2厅1卫,2,2,87.3,整租,800,hangkonggang
万科美景魅力之城榭香园 3室2厅1卫,3,2,89,整租,1300,hangkonggang
正弘中央公园麓林苑 3室2厅2卫,3,2,127.6,整租,1600,hangkonggang
安纳西庄园 3室2厅1卫,3,2,99,整租,1700,hangkonggang
华福御景 2室2厅1卫,2,2,89.8,整租,900,hangkonggang
富田兴和苑 2室1厅1卫,2,1,93.4,整租,1100,hangkonggang
兴港和昌云著(1期) 3室2厅2卫,3,2,118,整租,1350,hangkonggang
金鼎世纪新城 2室2厅1卫,2,2,94,整租,600,hangkonggang
富田兴和苑 3室2厅1卫,3,2,119,整租,1100,hangkonggang
仁弘嘉园 3室2厅1卫,3,2,90,整租,1000,hangkonggang
阳光华庭 3室2厅2卫,3,2,127.6,整租,950,hangkonggang
金鼎世纪新城 2室2厅1卫,2,2,94.1,整租,800,hangkonggang
正弘颂雅苑 4室2厅3卫,4,2,143,整租,2000,hangkonggang
正弘中央公园愉心苑 3室1厅1卫,3,1,88,整租,1500,hangkonggang
中建森林上郡(2期) 3室2厅1卫,3,2,98,整租,1300,hangkonggang
华福绿洲 2室2厅1卫,2,2,82.4,整租,800,hangkonggang
润丰新尚(商住楼) 1室1厅1卫,1,1,41,整租,700,hangkonggang
天途易居 2室2厅1卫,2,2,83,整租,700,hangkonggang
航美国际智慧城(2期) 3室2厅1卫,3,2,88.2,整租,1300,hangkonggang
润丰新尚南院 2室2厅1卫,2,2,89,整租,900,hangkonggang
和昌盛世城邦瑞园 3室2厅2卫,3,2,69,整租,1000,hangkonggang
万科美景魅力之城沐阳园 3室1厅1卫,3,1,89,整租,1250,hangkonggang
云瓴国际 2室2厅1卫,2,2,110,整租,1400,hangkonggang
裕鸿世界港丽园 3室2厅2卫,3,2,143,整租,2000,hangkonggang
万科美景魅力之城紫云园 3室2厅1卫,3,2,88,整租,1400,hangkonggang
润丰新尚(商住楼) 1室1厅1卫,1,1,40.7,整租,600,hangkonggang
绿地香湖湾2号院 3室2厅2卫,3,2,126,整租,2200,hangkonggang
富田兴和苑 1室1厅1卫,1,1,53.6,整租,800,hangkonggang
润丰新尚3室-2厅-2卫整租,3,2,126,整租,1600,hangkonggang
山顶御和园 4室1厅1卫,4,1,13,合租,700,hangkonggang
天途易居 2室2厅1卫,2,2,15,合租,400,hangkonggang
润丰聚尚 3室2厅1卫,3,2,90.7,整租,1000,hangkonggang
阳光华庭 3室2厅2卫,3,2,25,合租,450,hangkonggang
富田兴和苑 3室2厅1卫,3,2,115,整租,1200,hangkonggang
豫发大运城国园 3室2厅2卫,3,2,140,整租,2200,hangkonggang
裕鸿世界港丽园 3室2厅2卫,3,2,143,整租,2000,hangkonggang
万科一期榭香园，精装三房1000元，近地铁学校 图片真实,3,2,82.4,整租,1000,hangkonggang
中建滨水苑 94平精装修 850元 三室二厅卫 随时看房,3,2,94,整租,850,hangkonggang
翠湖苑精装三室两厅干净利落拎包入住包物业随时可以看房,3,2,89,整租,1300,hangkonggang
蔚来云城云园三室两厅两卫卫出租,3,2,102.3,整租,1900,hangkonggang
翠园精装一室800包物业紧邻丹尼斯郑大一附院房东诚信出租,1,1,60,整租,800,hangkonggang
蔚来云城颐园精装三室1700包物业智能马桶紧邻厂区诚信出租,3,2,102,整租,1700,hangkonggang
文苑小区，郑州一中附近，两室一厅，家具家电齐全，拎包入住,2,1,60,整租,650,hangkonggang
锦绣御园精装一室1000包物业费家具家电齐全紧邻厂区,1,1,60,整租,1000,hangkonggang
润丰锦尚，精装两房，好楼层，成熟商圈，急租,2,2,92,整租,1000,hangkonggang
小河刘一室一厅833，紧邻地铁口商场超市，拎包入住,1,1,60,整租,833,hangkonggang
精装小三房，家具家电齐全，房屋温馨领包入住,3,1,73.7,整租,1200,hangkonggang
山顶御和园 7室2厅2卫 南北通透 精装修 配套齐全,7,2,12,合租,500,hangkonggang
小河刘一室一厅精装租金1000紧邻地铁学校随时看房拎包入住,1,1,60,整租,1000,hangkonggang
蓝山公馆，沃金旁边，富士康e区附近房东自租，支持短租，,3,2,25,合租,650,hangkonggang
豫康北公寓老板直租，温馨大房间 押一付一 门口有公交车,1,0,50,整租,800,hangkonggang
融创空港宸院(一期) 3室2厅1卫 1700.0元 电梯房 ,3,2,104,整租,1700,hangkonggang
婚房！！！真实在租，永威南樾禧苑家具家电齐全定制衣柜，拎包住,3,2,101,整租,1500,hangkonggang
华康社区，精装通透一室一厅，东边户，采光好,1,1,60,整租,850,hangkonggang
豫发国园玖号院 3室2厅1卫 1100.0元 电梯房 ,3,2,132,整租,1300,hangkonggang
房源中建森林上郡一期，精装小三房家具家电齐全拎包入住随时看房,2,2,73.7,整租,1200,hangkonggang
北港 蓝山公馆 南北通透 电梯房 配套齐全 可月付包物业,1,0,35,整租,600,hangkonggang
精装温馨一室，免费停车免费宽带，家电齐全拎包入住，温馨舒适！,1,0,35,整租,600,hangkonggang
中建滨水苑 94平精装修 出租850元 三室二卫 随时看房,3,2,94,整租,850,hangkonggang
小河刘精装一室1000，家具家电齐全,1,1,60,整租,1000,hangkonggang
锦绣桂圆精装一室800包物业费家具家电齐全紧邻厂区房东诚信租,1,1,60,整租,800,hangkonggang
正弘翠湖苑三室1300包物业费，精装修家具家电齐全领包入住,3,2,89,整租,1300,hangkonggang
小河刘一室833，家具齐全，拎包入住,1,1,60,整租,833,hangkonggang
600豫发大运城蓝山公馆 1室 精装修 配套齐全 南北通透,1,0,35,整租,600,hangkonggang
